0,0,"(4G,lot_21),(5G,lot_21),(4G,lot_24),(5G,lot_24),(4G,lot_28),(5G,lot_28),(4G,lot_32),(5G,lot_32),(4G,lot_56),(5G,lot_56),(4G,lot_60),(5G,lot_60),(4G,lot_65),(5G,lot_65),(4G,lot_87),(5G,lot_87),(4G,lot_90),(5G,lot_90),(4G,lot_93),(5G,lot_93),(4G,lot_96),(5G,lot_96),(4G,lot_120),(5G,lot_120),(4G,lot_124),(5G,lot_124),(4G,lot_127),(5G,lot_127),(4G,lot_130),(5G,lot_130),(4G,lot_151),(5G,lot_151),(4G,lot_154),(5G,lot_154),(4G,lot_158),(5G,lot_158),(4G,lot_161),(5G,lot_161),(4G,lot_165),(5G,lot_165),(4G,lot_186),(5G,lot_186),(4G,lot_189),(5G,lot_189),(4G,lot_193),(5G,lot_193),(4G,lot_197),(5G,lot_197),(4G,lot_219),(5G,lot_219),(4G,lot_223),(5G,lot_223),(4G,lot_226),(5G,lot_226),(4G,lot_230),(5G,lot_230),(4G,lot_254),(5G,lot_254),(4G,lot_257),(5G,lot_257),(4G,lot_260),(5G,lot_260),(4G,lot_263),(5G,lot_263),(4G,lot_286),(5G,lot_286),(4G,lot_290),(5G,lot_290),(4G,lot_294),(5G,lot_294),(4G,lot_317),(5G,lot_317),(4G,lot_324),(5G,lot_324),(4G,lot_329),(5G,lot_329),(4G,lot_351),(5G,lot_351),(4G,lot_354),(5G,lot_354),(4G,lot_357),(5G,lot_357),(4G,lot_360),(5G,lot_360),(4G,lot_385),(5G,lot_385),(4G,lot_388),(5G,lot_388),(4G,lot_391),(5G,lot_391),(4G,lot_394),(5G,lot_394),(4G,lot_418),(5G,lot_418),(4G,lot_422),(5G,lot_422),(4G,lot_425),(5G,lot_425),(4G,lot_452),(5G,lot_452),(4G,lot_457),(5G,lot_457),(4G,lot_461),(5G,lot_461),(4G,lot_487),(5G,lot_487),(4G,lot_492),(5G,lot_492),(4G,lot_495),(5G,lot_495),(4G,lot_523),(5G,lot_523),(4G,lot_527),(5G,lot_527)"
0,1,"(4G,lot_22),(5G,lot_22),(4G,lot_25),(5G,lot_25),(4G,lot_29),(5G,lot_29),(4G,lot_33),(5G,lot_33),(4G,lot_57),(5G,lot_57),(4G,lot_62),(5G,lot_62),(4G,lot_66),(5G,lot_66),(4G,lot_88),(5G,lot_88),(4G,lot_91),(5G,lot_91),(4G,lot_94),(5G,lot_94),(4G,lot_97),(5G,lot_97),(4G,lot_121),(5G,lot_121),(4G,lot_125),(5G,lot_125),(4G,lot_128),(5G,lot_128),(4G,lot_132),(5G,lot_132),(4G,lot_152),(5G,lot_152),(4G,lot_155),(5G,lot_155),(4G,lot_159),(5G,lot_159),(4G,lot_162),(5G,lot_162),(4G,lot_184),(5G,lot_184),(4G,lot_187),(5G,lot_187),(4G,lot_190),(5G,lot_190),(4G,lot_194),(5G,lot_194),(4G,lot_217),(5G,lot_217),(4G,lot_221),(5G,lot_221),(4G,lot_224),(5G,lot_224),(4G,lot_227),(5G,lot_227),(4G,lot_231),(5G,lot_231),(4G,lot_255),(5G,lot_255),(4G,lot_258),(5G,lot_258),(4G,lot_261),(5G,lot_261),(4G,lot_283),(5G,lot_283),(4G,lot_288),(5G,lot_288),(4G,lot_291),(5G,lot_291),(4G,lot_295),(5G,lot_295),(4G,lot_318),(5G,lot_318),(4G,lot_325),(5G,lot_325),(4G,lot_330),(5G,lot_330),(4G,lot_352),(5G,lot_352),(4G,lot_355),(5G,lot_355),(4G,lot_358),(5G,lot_358),(4G,lot_362),(5G,lot_362),(4G,lot_386),(5G,lot_386),(4G,lot_389),(5G,lot_389),(4G,lot_392),(5G,lot_392),(4G,lot_395),(5G,lot_395),(4G,lot_419),(5G,lot_419),(4G,lot_423),(5G,lot_423),(4G,lot_428),(5G,lot_428),(4G,lot_453),(5G,lot_453),(4G,lot_459),(5G,lot_459),(4G,lot_462),(5G,lot_462),(4G,lot_489),(5G,lot_489),(4G,lot_493),(5G,lot_493),(4G,lot_521),(5G,lot_521),(4G,lot_525),(5G,lot_525),(4G,lot_528),(5G,lot_528)"
0,2,"(4G,lot_23),(5G,lot_23),(4G,lot_26),(5G,lot_26),(4G,lot_30),(5G,lot_30),(4G,lot_52),(5G,lot_52),(4G,lot_59),(5G,lot_59),(4G,lot_64),(5G,lot_64),(4G,lot_85),(5G,lot_85),(4G,lot_89),(5G,lot_89),(4G,lot_92),(5G,lot_92),(4G,lot_95),(5G,lot_95),(4G,lot_118),(5G,lot_118),(4G,lot_122),(5G,lot_122),(4G,lot_126),(5G,lot_126),(4G,lot_129),(5G,lot_129),(4G,lot_150),(5G,lot_150),(4G,lot_153),(5G,lot_153),(4G,lot_157),(5G,lot_157),(4G,lot_160),(5G,lot_160),(4G,lot_164),(5G,lot_164),(4G,lot_185),(5G,lot_185),(4G,lot_188),(5G,lot_188),(4G,lot_192),(5G,lot_192),(4G,lot_196),(5G,lot_196),(4G,lot_218),(5G,lot_218),(4G,lot_222),(5G,lot_222),(4G,lot_225),(5G,lot_225),(4G,lot_229),(5G,lot_229),(4G,lot_251),(5G,lot_251),(4G,lot_256),(5G,lot_256),(4G,lot_259),(5G,lot_259),(4G,lot_262),(5G,lot_262),(4G,lot_285),(5G,lot_285),(4G,lot_289),(5G,lot_289),(4G,lot_292),(5G,lot_292),(4G,lot_297),(5G,lot_297),(4G,lot_323),(5G,lot_323),(4G,lot_326),(5G,lot_326),(4G,lot_350),(5G,lot_350),(4G,lot_353),(5G,lot_353),(4G,lot_356),(5G,lot_356),(4G,lot_359),(5G,lot_359),(4G,lot_363),(5G,lot_363),(4G,lot_387),(5G,lot_387),(4G,lot_390),(5G,lot_390),(4G,lot_393),(5G,lot_393),(4G,lot_396),(5G,lot_396),(4G,lot_420),(5G,lot_420),(4G,lot_424),(5G,lot_424),(4G,lot_429),(5G,lot_429),(4G,lot_456),(5G,lot_456),(4G,lot_460),(5G,lot_460),(4G,lot_486),(5G,lot_486),(4G,lot_490),(5G,lot_490),(4G,lot_494),(5G,lot_494),(4G,lot_522),(5G,lot_522),(4G,lot_526),(5G,lot_526),(4G,lot_558),(5G,lot_558)"
1,0,"(4G,lot_21),(5G,lot_21),(4G,lot_24),(5G,lot_24),(4G,lot_27),(5G,lot_27),(4G,lot_31),(5G,lot_31),(4G,lot_54),(5G,lot_54),(4G,lot_58),(5G,lot_58),(4G,lot_63),(5G,lot_63),(4G,lot_86),(5G,lot_86),(4G,lot_92),(5G,lot_92),(4G,lot_97),(5G,lot_97),(4G,lot_120),(5G,lot_120),(4G,lot_123),(5G,lot_123),(4G,lot_128),(5G,lot_128),(4G,lot_131),(5G,lot_131),(4G,lot_155),(5G,lot_155),(4G,lot_158),(5G,lot_158),(4G,lot_162),(5G,lot_162),(4G,lot_165),(5G,lot_165),(4G,lot_189),(5G,lot_189),(4G,lot_194),(5G,lot_194),(4G,lot_220),(5G,lot_220),(4G,lot_226),(5G,lot_226),(4G,lot_229),(5G,lot_229),(4G,lot_253),(5G,lot_253),(4G,lot_256),(5G,lot_256),(4G,lot_259),(5G,lot_259),(4G,lot_264),(5G,lot_264),(4G,lot_288),(5G,lot_288),(4G,lot_291),(5G,lot_291),(4G,lot_296),(5G,lot_296),(4G,lot_323),(5G,lot_323),(4G,lot_326),(5G,lot_326),(4G,lot_329),(5G,lot_329),(4G,lot_357),(5G,lot_357),(4G,lot_388),(5G,lot_388),(4G,lot_391),(5G,lot_391),(4G,lot_394),(5G,lot_394),(4G,lot_422),(5G,lot_422),(4G,lot_426),(5G,lot_426),(4G,lot_458),(5G,lot_458),(4G,lot_461),(5G,lot_461)"
1,1,"(4G,lot_22),(5G,lot_22),(4G,lot_25),(5G,lot_25),(4G,lot_28),(5G,lot_28),(4G,lot_32),(5G,lot_32),(4G,lot_56),(5G,lot_56),(4G,lot_60),(5G,lot_60),(4G,lot_64),(5G,lot_64),(4G,lot_88),(5G,lot_88),(4G,lot_93),(5G,lot_93),(4G,lot_98),(5G,lot_98),(4G,lot_121),(5G,lot_121),(4G,lot_125),(5G,lot_125),(4G,lot_129),(5G,lot_129),(4G,lot_132),(5G,lot_132),(4G,lot_156),(5G,lot_156),(4G,lot_159),(5G,lot_159),(4G,lot_163),(5G,lot_163),(4G,lot_186),(5G,lot_186),(4G,lot_191),(5G,lot_191),(4G,lot_195),(5G,lot_195),(4G,lot_221),(5G,lot_221),(4G,lot_227),(5G,lot_227),(4G,lot_230),(5G,lot_230),(4G,lot_254),(5G,lot_254),(4G,lot_257),(5G,lot_257),(4G,lot_261),(5G,lot_261),(4G,lot_286),(5G,lot_286),(4G,lot_289),(5G,lot_289),(4G,lot_292),(5G,lot_292),(4G,lot_297),(5G,lot_297),(4G,lot_324),(5G,lot_324),(4G,lot_327),(5G,lot_327),(4G,lot_330),(5G,lot_330),(4G,lot_358),(5G,lot_358),(4G,lot_389),(5G,lot_389),(4G,lot_392),(5G,lot_392),(4G,lot_395),(5G,lot_395),(4G,lot_423),(5G,lot_423),(4G,lot_428),(5G,lot_428),(4G,lot_459),(5G,lot_459),(4G,lot_462),(5G,lot_462)"
1,2,"(4G,lot_23),(5G,lot_23),(4G,lot_26),(5G,lot_26),(4G,lot_30),(5G,lot_30),(4G,lot_33),(5G,lot_33),(4G,lot_57),(5G,lot_57),(4G,lot_61),(5G,lot_61),(4G,lot_65),(5G,lot_65),(4G,lot_89),(5G,lot_89),(4G,lot_94),(5G,lot_94),(4G,lot_99),(5G,lot_99),(4G,lot_122),(5G,lot_122),(4G,lot_126),(5G,lot_126),(4G,lot_130),(5G,lot_130),(4G,lot_153),(5G,lot_153),(4G,lot_157),(5G,lot_157),(4G,lot_160),(5G,lot_160),(4G,lot_164),(5G,lot_164),(4G,lot_187),(5G,lot_187),(4G,lot_193),(5G,lot_193),(4G,lot_198),(5G,lot_198),(4G,lot_223),(5G,lot_223),(4G,lot_228),(5G,lot_228),(4G,lot_231),(5G,lot_231),(4G,lot_255),(5G,lot_255),(4G,lot_258),(5G,lot_258),(4G,lot_263),(5G,lot_263),(4G,lot_287),(5G,lot_287),(4G,lot_290),(5G,lot_290),(4G,lot_293),(5G,lot_293),(4G,lot_320),(5G,lot_320),(4G,lot_325),(5G,lot_325),(4G,lot_328),(5G,lot_328),(4G,lot_356),(5G,lot_356),(4G,lot_362),(5G,lot_362),(4G,lot_390),(5G,lot_390),(4G,lot_393),(5G,lot_393),(4G,lot_396),(5G,lot_396),(4G,lot_425),(5G,lot_425),(4G,lot_457),(5G,lot_457),(4G,lot_460),(5G,lot_460),(4G,lot_494),(5G,lot_494)"
2,0,"(4G,lot_83),(5G,lot_83),(4G,lot_86),(5G,lot_86),(4G,lot_89),(5G,lot_89),(4G,lot_114),(5G,lot_114),(4G,lot_117),(5G,lot_117),(4G,lot_120),(5G,lot_120),(4G,lot_125),(5G,lot_125),(4G,lot_148),(5G,lot_148),(4G,lot_154),(5G,lot_154),(4G,lot_157),(5G,lot_157),(4G,lot_177),(5G,lot_177),(4G,lot_181),(5G,lot_181),(4G,lot_184),(5G,lot_184),(4G,lot_188),(5G,lot_188),(4G,lot_209),(5G,lot_209),(4G,lot_215),(5G,lot_215),(4G,lot_218),(5G,lot_218),(4G,lot_222),(5G,lot_222),(4G,lot_225),(5G,lot_225),(4G,lot_241),(5G,lot_241),(4G,lot_244),(5G,lot_244),(4G,lot_248),(5G,lot_248),(4G,lot_251),(5G,lot_251),(4G,lot_254),(5G,lot_254),(4G,lot_257),(5G,lot_257),(4G,lot_274),(5G,lot_274),(4G,lot_277),(5G,lot_277),(4G,lot_280),(5G,lot_280),(4G,lot_285),(5G,lot_285),(4G,lot_288),(5G,lot_288),(4G,lot_306),(5G,lot_306),(4G,lot_309),(5G,lot_309),(4G,lot_313),(5G,lot_313),(4G,lot_316),(5G,lot_316),(4G,lot_319),(5G,lot_319),(4G,lot_324),(5G,lot_324),(4G,lot_327),(5G,lot_327),(4G,lot_341),(5G,lot_341),(4G,lot_344),(5G,lot_344),(4G,lot_348),(5G,lot_348),(4G,lot_352),(5G,lot_352),(4G,lot_357),(5G,lot_357),(4G,lot_360),(5G,lot_360),(4G,lot_375),(5G,lot_375),(4G,lot_381),(5G,lot_381),(4G,lot_384),(5G,lot_384),(4G,lot_388),(5G,lot_388),(4G,lot_391),(5G,lot_391),(4G,lot_394),(5G,lot_394),(4G,lot_409),(5G,lot_409),(4G,lot_413),(5G,lot_413),(4G,lot_417),(5G,lot_417),(4G,lot_421),(5G,lot_421),(4G,lot_424),(5G,lot_424),(4G,lot_427),(5G,lot_427),(4G,lot_440),(5G,lot_440),(4G,lot_443),(5G,lot_443),(4G,lot_448),(5G,lot_448),(4G,lot_451),(5G,lot_451),(4G,lot_455),(5G,lot_455),(4G,lot_458),(5G,lot_458),(4G,lot_461),(5G,lot_461),(4G,lot_475),(5G,lot_475),(4G,lot_479),(5G,lot_479),(4G,lot_482),(5G,lot_482),(4G,lot_485),(5G,lot_485),(4G,lot_489),(5G,lot_489),(4G,lot_492),(5G,lot_492),(4G,lot_510),(5G,lot_510),(4G,lot_515),(5G,lot_515),(4G,lot_518),(5G,lot_518),(4G,lot_523),(5G,lot_523),(4G,lot_526),(5G,lot_526),(4G,lot_539),(5G,lot_539),(4G,lot_543),(5G,lot_543),(4G,lot_547),(5G,lot_547),(4G,lot_550),(5G,lot_550),(4G,lot_553),(5G,lot_553),(4G,lot_557),(5G,lot_557),(4G,lot_570),(5G,lot_570),(4G,lot_576),(5G,lot_576),(4G,lot_579),(5G,lot_579),(4G,lot_582),(5G,lot_582),(4G,lot_585),(5G,lot_585),(4G,lot_591),(5G,lot_591),(4G,lot_606),(5G,lot_606),(4G,lot_610),(5G,lot_610),(4G,lot_614),(5G,lot_614),(4G,lot_618),(5G,lot_618),(4G,lot_623),(5G,lot_623),(4G,lot_641),(5G,lot_641),(4G,lot_645),(5G,lot_645),(4G,lot_649),(5G,lot_649),(4G,lot_654),(5G,lot_654),(4G,lot_657),(5G,lot_657),(4G,lot_673),(5G,lot_673),(4G,lot_677),(5G,lot_677),(4G,lot_681),(5G,lot_681),(4G,lot_688),(5G,lot_688),(4G,lot_708),(5G,lot_708),(4G,lot_711),(5G,lot_711),(4G,lot_715),(5G,lot_715),(4G,lot_718),(5G,lot_718),(4G,lot_721),(5G,lot_721),(4G,lot_743),(5G,lot_743),(4G,lot_746),(5G,lot_746),(4G,lot_750),(5G,lot_750),(4G,lot_773),(5G,lot_773),(4G,lot_776),(5G,lot_776),(4G,lot_781),(5G,lot_781),(4G,lot_809),(5G,lot_809),(4G,lot_814),(5G,lot_814),(4G,lot_845),(5G,lot_845)"
2,1,"(4G,lot_84),(5G,lot_84),(4G,lot_87),(5G,lot_87),(4G,lot_90),(5G,lot_90),(4G,lot_115),(5G,lot_115),(4G,lot_118),(5G,lot_118),(4G,lot_122),(5G,lot_122),(4G,lot_145),(5G,lot_145),(4G,lot_152),(5G,lot_152),(4G,lot_155),(5G,lot_155),(4G,lot_158),(5G,lot_158),(4G,lot_178),(5G,lot_178),(4G,lot_182),(5G,lot_182),(4G,lot_185),(5G,lot_185),(4G,lot_189),(5G,lot_189),(4G,lot_212),(5G,lot_212),(4G,lot_216),(5G,lot_216),(4G,lot_219),(5G,lot_219),(4G,lot_223),(5G,lot_223),(4G,lot_226),(5G,lot_226),(4G,lot_242),(5G,lot_242),(4G,lot_245),(5G,lot_245),(4G,lot_249),(5G,lot_249),(4G,lot_252),(5G,lot_252),(4G,lot_255),(5G,lot_255),(4G,lot_258),(5G,lot_258),(4G,lot_275),(5G,lot_275),(4G,lot_278),(5G,lot_278),(4G,lot_282),(5G,lot_282),(4G,lot_286),(5G,lot_286),(4G,lot_290),(5G,lot_290),(4G,lot_307),(5G,lot_307),(4G,lot_311),(5G,lot_311),(4G,lot_314),(5G,lot_314),(4G,lot_317),(5G,lot_317),(4G,lot_321),(5G,lot_321),(4G,lot_325),(5G,lot_325),(4G,lot_339),(5G,lot_339),(4G,lot_342),(5G,lot_342),(4G,lot_346),(5G,lot_346),(4G,lot_349),(5G,lot_349),(4G,lot_355),(5G,lot_355),(4G,lot_358),(5G,lot_358),(4G,lot_373),(5G,lot_373),(4G,lot_379),(5G,lot_379),(4G,lot_382),(5G,lot_382),(4G,lot_386),(5G,lot_386),(4G,lot_389),(5G,lot_389),(4G,lot_392),(5G,lot_392),(4G,lot_407),(5G,lot_407),(4G,lot_410),(5G,lot_410),(4G,lot_414),(5G,lot_414),(4G,lot_419),(5G,lot_419),(4G,lot_422),(5G,lot_422),(4G,lot_425),(5G,lot_425),(4G,lot_438),(5G,lot_438),(4G,lot_441),(5G,lot_441),(4G,lot_444),(5G,lot_444),(4G,lot_449),(5G,lot_449),(4G,lot_452),(5G,lot_452),(4G,lot_456),(5G,lot_456),(4G,lot_459),(5G,lot_459),(4G,lot_471),(5G,lot_471),(4G,lot_477),(5G,lot_477),(4G,lot_480),(5G,lot_480),(4G,lot_483),(5G,lot_483),(4G,lot_486),(5G,lot_486),(4G,lot_490),(5G,lot_490),(4G,lot_506),(5G,lot_506),(4G,lot_511),(5G,lot_511),(4G,lot_516),(5G,lot_516),(4G,lot_519),(5G,lot_519),(4G,lot_524),(5G,lot_524),(4G,lot_537),(5G,lot_537),(4G,lot_540),(5G,lot_540),(4G,lot_544),(5G,lot_544),(4G,lot_548),(5G,lot_548),(4G,lot_551),(5G,lot_551),(4G,lot_555),(5G,lot_555),(4G,lot_558),(5G,lot_558),(4G,lot_571),(5G,lot_571),(4G,lot_577),(5G,lot_577),(4G,lot_580),(5G,lot_580),(4G,lot_583),(5G,lot_583),(4G,lot_586),(5G,lot_586),(4G,lot_604),(5G,lot_604),(4G,lot_608),(5G,lot_608),(4G,lot_612),(5G,lot_612),(4G,lot_615),(5G,lot_615),(4G,lot_620),(5G,lot_620),(4G,lot_624),(5G,lot_624),(4G,lot_642),(5G,lot_642),(4G,lot_646),(5G,lot_646),(4G,lot_650),(5G,lot_650),(4G,lot_655),(5G,lot_655),(4G,lot_671),(5G,lot_671),(4G,lot_675),(5G,lot_675),(4G,lot_679),(5G,lot_679),(4G,lot_683),(5G,lot_683),(4G,lot_689),(5G,lot_689),(4G,lot_709),(5G,lot_709),(4G,lot_712),(5G,lot_712),(4G,lot_716),(5G,lot_716),(4G,lot_719),(5G,lot_719),(4G,lot_739),(5G,lot_739),(4G,lot_744),(5G,lot_744),(4G,lot_748),(5G,lot_748),(4G,lot_751),(5G,lot_751),(4G,lot_774),(5G,lot_774),(4G,lot_777),(5G,lot_777),(4G,lot_784),(5G,lot_784),(4G,lot_810),(5G,lot_810),(4G,lot_815),(5G,lot_815)"
2,2,"(4G,lot_85),(5G,lot_85),(4G,lot_88),(5G,lot_88),(4G,lot_113),(5G,lot_113),(4G,lot_116),(5G,lot_116),(4G,lot_119),(5G,lot_119),(4G,lot_124),(5G,lot_124),(4G,lot_146),(5G,lot_146),(4G,lot_153),(5G,lot_153),(4G,lot_156),(5G,lot_156),(4G,lot_159),(5G,lot_159),(4G,lot_179),(5G,lot_179),(4G,lot_183),(5G,lot_183),(4G,lot_186),(5G,lot_186),(4G,lot_191),(5G,lot_191),(4G,lot_213),(5G,lot_213),(4G,lot_217),(5G,lot_217),(4G,lot_220),(5G,lot_220),(4G,lot_224),(5G,lot_224),(4G,lot_227),(5G,lot_227),(4G,lot_243),(5G,lot_243),(4G,lot_247),(5G,lot_247),(4G,lot_250),(5G,lot_250),(4G,lot_253),(5G,lot_253),(4G,lot_256),(5G,lot_256),(4G,lot_260),(5G,lot_260),(4G,lot_276),(5G,lot_276),(4G,lot_279),(5G,lot_279),(4G,lot_284),(5G,lot_284),(4G,lot_287),(5G,lot_287),(4G,lot_292),(5G,lot_292),(4G,lot_308),(5G,lot_308),(4G,lot_312),(5G,lot_312),(4G,lot_315),(5G,lot_315),(4G,lot_318),(5G,lot_318),(4G,lot_322),(5G,lot_322),(4G,lot_326),(5G,lot_326),(4G,lot_340),(5G,lot_340),(4G,lot_343),(5G,lot_343),(4G,lot_347),(5G,lot_347),(4G,lot_350),(5G,lot_350),(4G,lot_356),(5G,lot_356),(4G,lot_359),(5G,lot_359),(4G,lot_374),(5G,lot_374),(4G,lot_380),(5G,lot_380),(4G,lot_383),(5G,lot_383),(4G,lot_387),(5G,lot_387),(4G,lot_390),(5G,lot_390),(4G,lot_393),(5G,lot_393),(4G,lot_408),(5G,lot_408),(4G,lot_411),(5G,lot_411),(4G,lot_416),(5G,lot_416),(4G,lot_420),(5G,lot_420),(4G,lot_423),(5G,lot_423),(4G,lot_426),(5G,lot_426),(4G,lot_439),(5G,lot_439),(4G,lot_442),(5G,lot_442),(4G,lot_446),(5G,lot_446),(4G,lot_450),(5G,lot_450),(4G,lot_454),(5G,lot_454),(4G,lot_457),(5G,lot_457),(4G,lot_460),(5G,lot_460),(4G,lot_474),(5G,lot_474),(4G,lot_478),(5G,lot_478),(4G,lot_481),(5G,lot_481),(4G,lot_484),(5G,lot_484),(4G,lot_487),(5G,lot_487),(4G,lot_491),(5G,lot_491),(4G,lot_507),(5G,lot_507),(4G,lot_514),(5G,lot_514),(4G,lot_517),(5G,lot_517),(4G,lot_520),(5G,lot_520),(4G,lot_525),(5G,lot_525),(4G,lot_538),(5G,lot_538),(4G,lot_542),(5G,lot_542),(4G,lot_546),(5G,lot_546),(4G,lot_549),(5G,lot_549),(4G,lot_552),(5G,lot_552),(4G,lot_556),(5G,lot_556),(4G,lot_559),(5G,lot_559),(4G,lot_574),(5G,lot_574),(4G,lot_578),(5G,lot_578),(4G,lot_581),(5G,lot_581),(4G,lot_584),(5G,lot_584),(4G,lot_589),(5G,lot_589),(4G,lot_605),(5G,lot_605),(4G,lot_609),(5G,lot_609),(4G,lot_613),(5G,lot_613),(4G,lot_616),(5G,lot_616),(4G,lot_621),(5G,lot_621),(4G,lot_640),(5G,lot_640),(4G,lot_644),(5G,lot_644),(4G,lot_647),(5G,lot_647),(4G,lot_653),(5G,lot_653),(4G,lot_656),(5G,lot_656),(4G,lot_672),(5G,lot_672),(4G,lot_676),(5G,lot_676),(4G,lot_680),(5G,lot_680),(4G,lot_687),(5G,lot_687),(4G,lot_707),(5G,lot_707),(4G,lot_710),(5G,lot_710),(4G,lot_714),(5G,lot_714),(4G,lot_717),(5G,lot_717),(4G,lot_720),(5G,lot_720),(4G,lot_741),(5G,lot_741),(4G,lot_745),(5G,lot_745),(4G,lot_749),(5G,lot_749),(4G,lot_753),(5G,lot_753),(4G,lot_775),(5G,lot_775),(4G,lot_779),(5G,lot_779),(4G,lot_808),(5G,lot_808),(4G,lot_812),(5G,lot_812),(4G,lot_816),(5G,lot_816)"
3,0,"(4G,lot_203),(5G,lot_203),(4G,lot_209),(5G,lot_209),(4G,lot_237),(5G,lot_237),(4G,lot_242),(5G,lot_242),(4G,lot_265),(5G,lot_265),(4G,lot_268),(5G,lot_268),(4G,lot_272),(5G,lot_272),(4G,lot_277),(5G,lot_277),(4G,lot_302),(5G,lot_302),(4G,lot_307),(5G,lot_307),(4G,lot_312),(5G,lot_312),(4G,lot_335),(5G,lot_335),(4G,lot_340),(5G,lot_340),(4G,lot_345),(5G,lot_345),(4G,lot_366),(5G,lot_366),(4G,lot_371),(5G,lot_371),(4G,lot_376),(5G,lot_376),(4G,lot_379),(5G,lot_379),(4G,lot_400),(5G,lot_400),(4G,lot_404),(5G,lot_404),(4G,lot_407),(5G,lot_407),(4G,lot_411),(5G,lot_411),(4G,lot_430),(5G,lot_430),(4G,lot_434),(5G,lot_434),(4G,lot_439),(5G,lot_439),(4G,lot_442),(5G,lot_442),(4G,lot_445),(5G,lot_445),(4G,lot_465),(5G,lot_465),(4G,lot_469),(5G,lot_469),(4G,lot_473),(5G,lot_473),(4G,lot_477),(5G,lot_477),(4G,lot_480),(5G,lot_480),(4G,lot_498),(5G,lot_498),(4G,lot_501),(5G,lot_501),(4G,lot_505),(5G,lot_505),(4G,lot_508),(5G,lot_508),(4G,lot_511),(5G,lot_511),(4G,lot_531),(5G,lot_531),(4G,lot_535),(5G,lot_535),(4G,lot_539),(5G,lot_539),(4G,lot_542),(5G,lot_542),(4G,lot_545),(5G,lot_545),(4G,lot_564),(5G,lot_564),(4G,lot_568),(5G,lot_568),(4G,lot_577),(5G,lot_577),(4G,lot_580),(5G,lot_580),(4G,lot_598),(5G,lot_598),(4G,lot_602),(5G,lot_602),(4G,lot_606),(5G,lot_606),(4G,lot_609),(5G,lot_609),(4G,lot_612),(5G,lot_612),(4G,lot_631),(5G,lot_631),(4G,lot_634),(5G,lot_634),(4G,lot_637),(5G,lot_637),(4G,lot_640),(5G,lot_640),(4G,lot_644),(5G,lot_644),(4G,lot_663),(5G,lot_663),(4G,lot_668),(5G,lot_668),(4G,lot_672),(5G,lot_672),(4G,lot_676),(5G,lot_676),(4G,lot_696),(5G,lot_696),(4G,lot_704),(5G,lot_704),(4G,lot_711),(5G,lot_711),(4G,lot_730),(5G,lot_730),(4G,lot_733),(5G,lot_733),(4G,lot_736),(5G,lot_736),(4G,lot_741),(5G,lot_741),(4G,lot_763),(5G,lot_763),(4G,lot_766),(5G,lot_766),(4G,lot_769),(5G,lot_769),(4G,lot_772),(5G,lot_772),(4G,lot_775),(5G,lot_775),(4G,lot_796),(5G,lot_796),(4G,lot_799),(5G,lot_799),(4G,lot_803),(5G,lot_803),(4G,lot_807),(5G,lot_807),(4G,lot_828),(5G,lot_828),(4G,lot_832),(5G,lot_832),(4G,lot_835),(5G,lot_835),(4G,lot_859),(5G,lot_859),(4G,lot_867),(5G,lot_867),(4G,lot_893),(5G,lot_893),(4G,lot_896),(5G,lot_896),(4G,lot_901),(5G,lot_901),(4G,lot_927),(5G,lot_927),(4G,lot_930),(5G,lot_930),(4G,lot_935),(5G,lot_935)"
3,1,"(4G,lot_205),(5G,lot_205),(4G,lot_232),(5G,lot_232),(4G,lot_238),(5G,lot_238),(4G,lot_243),(5G,lot_243),(4G,lot_266),(5G,lot_266),(4G,lot_269),(5G,lot_269),(4G,lot_274),(5G,lot_274),(4G,lot_278),(5G,lot_278),(4G,lot_304),(5G,lot_304),(4G,lot_309),(5G,lot_309),(4G,lot_331),(5G,lot_331),(4G,lot_336),(5G,lot_336),(4G,lot_342),(5G,lot_342),(4G,lot_364),(5G,lot_364),(4G,lot_367),(5G,lot_367),(4G,lot_372),(5G,lot_372),(4G,lot_377),(5G,lot_377),(4G,lot_380),(5G,lot_380),(4G,lot_402),(5G,lot_402),(4G,lot_405),(5G,lot_405),(4G,lot_409),(5G,lot_409),(4G,lot_412),(5G,lot_412),(4G,lot_432),(5G,lot_432),(4G,lot_435),(5G,lot_435),(4G,lot_440),(5G,lot_440),(4G,lot_443),(5G,lot_443),(4G,lot_446),(5G,lot_446),(4G,lot_466),(5G,lot_466),(4G,lot_470),(5G,lot_470),(4G,lot_475),(5G,lot_475),(4G,lot_478),(5G,lot_478),(4G,lot_496),(5G,lot_496),(4G,lot_499),(5G,lot_499),(4G,lot_502),(5G,lot_502),(4G,lot_506),(5G,lot_506),(4G,lot_509),(5G,lot_509),(4G,lot_513),(5G,lot_513),(4G,lot_532),(5G,lot_532),(4G,lot_536),(5G,lot_536),(4G,lot_540),(5G,lot_540),(4G,lot_543),(5G,lot_543),(4G,lot_562),(5G,lot_562),(4G,lot_565),(5G,lot_565),(4G,lot_571),(5G,lot_571),(4G,lot_578),(5G,lot_578),(4G,lot_595),(5G,lot_595),(4G,lot_599),(5G,lot_599),(4G,lot_603),(5G,lot_603),(4G,lot_607),(5G,lot_607),(4G,lot_610),(5G,lot_610),(4G,lot_629),(5G,lot_629),(4G,lot_632),(5G,lot_632),(4G,lot_635),(5G,lot_635),(4G,lot_638),(5G,lot_638),(4G,lot_641),(5G,lot_641),(4G,lot_645),(5G,lot_645),(4G,lot_665),(5G,lot_665),(4G,lot_669),(5G,lot_669),(4G,lot_673),(5G,lot_673),(4G,lot_678),(5G,lot_678),(4G,lot_700),(5G,lot_700),(4G,lot_705),(5G,lot_705),(4G,lot_728),(5G,lot_728),(4G,lot_731),(5G,lot_731),(4G,lot_734),(5G,lot_734),(4G,lot_737),(5G,lot_737),(4G,lot_743),(5G,lot_743),(4G,lot_764),(5G,lot_764),(4G,lot_767),(5G,lot_767),(4G,lot_770),(5G,lot_770),(4G,lot_773),(5G,lot_773),(4G,lot_776),(5G,lot_776),(4G,lot_797),(5G,lot_797),(4G,lot_800),(5G,lot_800),(4G,lot_804),(5G,lot_804),(4G,lot_808),(5G,lot_808),(4G,lot_830),(5G,lot_830),(4G,lot_833),(5G,lot_833),(4G,lot_836),(5G,lot_836),(4G,lot_862),(5G,lot_862),(4G,lot_869),(5G,lot_869),(4G,lot_894),(5G,lot_894),(4G,lot_898),(5G,lot_898),(4G,lot_902),(5G,lot_902),(4G,lot_928),(5G,lot_928),(4G,lot_932),(5G,lot_932),(4G,lot_964),(5G,lot_964)"
3,2,"(4G,lot_208),(5G,lot_208),(4G,lot_235),(5G,lot_235),(4G,lot_241),(5G,lot_241),(4G,lot_244),(5G,lot_244),(4G,lot_267),(5G,lot_267),(4G,lot_271),(5G,lot_271),(4G,lot_275),(5G,lot_275),(4G,lot_300),(5G,lot_300),(4G,lot_305),(5G,lot_305),(4G,lot_311),(5G,lot_311),(4G,lot_333),(5G,lot_333),(4G,lot_338),(5G,lot_338),(4G,lot_343),(5G,lot_343),(4G,lot_365),(5G,lot_365),(4G,lot_369),(5G,lot_369),(4G,lot_373),(5G,lot_373),(4G,lot_378),(5G,lot_378),(4G,lot_397),(5G,lot_397),(4G,lot_403),(5G,lot_403),(4G,lot_406),(5G,lot_406),(4G,lot_410),(5G,lot_410),(4G,lot_413),(5G,lot_413),(4G,lot_433),(5G,lot_433),(4G,lot_436),(5G,lot_436),(4G,lot_441),(5G,lot_441),(4G,lot_444),(5G,lot_444),(4G,lot_447),(5G,lot_447),(4G,lot_468),(5G,lot_468),(4G,lot_472),(5G,lot_472),(4G,lot_476),(5G,lot_476),(4G,lot_479),(5G,lot_479),(4G,lot_497),(5G,lot_497),(4G,lot_500),(5G,lot_500),(4G,lot_504),(5G,lot_504),(4G,lot_507),(5G,lot_507),(4G,lot_510),(5G,lot_510),(4G,lot_529),(5G,lot_529),(4G,lot_533),(5G,lot_533),(4G,lot_537),(5G,lot_537),(4G,lot_541),(5G,lot_541),(4G,lot_544),(5G,lot_544),(4G,lot_563),(5G,lot_563),(4G,lot_567),(5G,lot_567),(4G,lot_576),(5G,lot_576),(4G,lot_579),(5G,lot_579),(4G,lot_597),(5G,lot_597),(4G,lot_600),(5G,lot_600),(4G,lot_604),(5G,lot_604),(4G,lot_608),(5G,lot_608),(4G,lot_611),(5G,lot_611),(4G,lot_630),(5G,lot_630),(4G,lot_633),(5G,lot_633),(4G,lot_636),(5G,lot_636),(4G,lot_639),(5G,lot_639),(4G,lot_642),(5G,lot_642),(4G,lot_662),(5G,lot_662),(4G,lot_666),(5G,lot_666),(4G,lot_671),(5G,lot_671),(4G,lot_674),(5G,lot_674),(4G,lot_695),(5G,lot_695),(4G,lot_702),(5G,lot_702),(4G,lot_707),(5G,lot_707),(4G,lot_729),(5G,lot_729),(4G,lot_732),(5G,lot_732),(4G,lot_735),(5G,lot_735),(4G,lot_738),(5G,lot_738),(4G,lot_761),(5G,lot_761),(4G,lot_765),(5G,lot_765),(4G,lot_768),(5G,lot_768),(4G,lot_771),(5G,lot_771),(4G,lot_774),(5G,lot_774),(4G,lot_793),(5G,lot_793),(4G,lot_798),(5G,lot_798),(4G,lot_802),(5G,lot_802),(4G,lot_805),(5G,lot_805),(4G,lot_827),(5G,lot_827),(4G,lot_831),(5G,lot_831),(4G,lot_834),(5G,lot_834),(4G,lot_837),(5G,lot_837),(4G,lot_863),(5G,lot_863),(4G,lot_892),(5G,lot_892),(4G,lot_895),(5G,lot_895),(4G,lot_899),(5G,lot_899),(4G,lot_903),(5G,lot_903),(4G,lot_929),(5G,lot_929),(4G,lot_933),(5G,lot_933)"
4,0,"(4G,lot_328),(5G,lot_328),(4G,lot_357),(5G,lot_357),(4G,lot_360),(5G,lot_360),(4G,lot_363),(5G,lot_363),(4G,lot_391),(5G,lot_391),(4G,lot_394),(5G,lot_394),(4G,lot_421),(5G,lot_421),(4G,lot_426),(5G,lot_426),(4G,lot_453),(5G,lot_453),(4G,lot_457),(5G,lot_457),(4G,lot_460),(5G,lot_460),(4G,lot_486),(5G,lot_486),(4G,lot_489),(5G,lot_489),(4G,lot_494),(5G,lot_494),(4G,lot_519),(5G,lot_519),(4G,lot_524),(5G,lot_524),(4G,lot_550),(5G,lot_550),(4G,lot_553),(5G,lot_553),(4G,lot_557),(5G,lot_557),(4G,lot_584),(5G,lot_584),(4G,lot_587),(5G,lot_587),(4G,lot_590),(5G,lot_590),(4G,lot_593),(5G,lot_593),(4G,lot_617),(5G,lot_617),(4G,lot_620),(5G,lot_620),(4G,lot_623),(5G,lot_623),(4G,lot_626),(5G,lot_626),(4G,lot_651),(5G,lot_651),(4G,lot_659),(5G,lot_659),(4G,lot_685),(5G,lot_685),(4G,lot_688),(5G,lot_688),(4G,lot_692),(5G,lot_692),(4G,lot_716),(5G,lot_716),(4G,lot_719),(5G,lot_719),(4G,lot_722),(5G,lot_722),(4G,lot_725),(5G,lot_725),(4G,lot_749),(5G,lot_749),(4G,lot_753),(5G,lot_753),(4G,lot_756),(5G,lot_756),(4G,lot_781),(5G,lot_781),(4G,lot_784),(5G,lot_784),(4G,lot_787),(5G,lot_787),(4G,lot_814),(5G,lot_814),(4G,lot_819),(5G,lot_819),(4G,lot_822),(5G,lot_822),(4G,lot_848),(5G,lot_848),(4G,lot_851),(5G,lot_851),(4G,lot_854),(5G,lot_854),(4G,lot_857),(5G,lot_857),(4G,lot_883),(5G,lot_883),(4G,lot_888),(5G,lot_888),(4G,lot_915),(5G,lot_915),(4G,lot_918),(5G,lot_918),(4G,lot_921),(5G,lot_921),(4G,lot_924),(5G,lot_924),(4G,lot_951),(5G,lot_951),(4G,lot_954),(5G,lot_954),(4G,lot_983),(5G,lot_983),(4G,lot_986),(5G,lot_986),(4G,lot_989),(5G,lot_989),(4G,lot_1019),(5G,lot_1019),(4G,lot_1023),(5G,lot_1023),(4G,lot_1055),(5G,lot_1055)"
4,1,"(4G,lot_329),(5G,lot_329),(4G,lot_358),(5G,lot_358),(4G,lot_361),(5G,lot_361),(4G,lot_389),(5G,lot_389),(4G,lot_392),(5G,lot_392),(4G,lot_395),(5G,lot_395),(4G,lot_423),(5G,lot_423),(4G,lot_427),(5G,lot_427),(4G,lot_455),(5G,lot_455),(4G,lot_458),(5G,lot_458),(4G,lot_461),(5G,lot_461),(4G,lot_487),(5G,lot_487),(4G,lot_490),(5G,lot_490),(4G,lot_495),(5G,lot_495),(4G,lot_521),(5G,lot_521),(4G,lot_527),(5G,lot_527),(4G,lot_551),(5G,lot_551),(4G,lot_555),(5G,lot_555),(4G,lot_558),(5G,lot_558),(4G,lot_585),(5G,lot_585),(4G,lot_588),(5G,lot_588),(4G,lot_591),(5G,lot_591),(4G,lot_594),(5G,lot_594),(4G,lot_618),(5G,lot_618),(4G,lot_621),(5G,lot_621),(4G,lot_624),(5G,lot_624),(4G,lot_649),(5G,lot_649),(4G,lot_655),(5G,lot_655),(4G,lot_660),(5G,lot_660),(4G,lot_686),(5G,lot_686),(4G,lot_689),(5G,lot_689),(4G,lot_693),(5G,lot_693),(4G,lot_717),(5G,lot_717),(4G,lot_720),(5G,lot_720),(4G,lot_723),(5G,lot_723),(4G,lot_726),(5G,lot_726),(4G,lot_751),(5G,lot_751),(4G,lot_754),(5G,lot_754),(4G,lot_758),(5G,lot_758),(4G,lot_782),(5G,lot_782),(4G,lot_785),(5G,lot_785),(4G,lot_790),(5G,lot_790),(4G,lot_815),(5G,lot_815),(4G,lot_820),(5G,lot_820),(4G,lot_824),(5G,lot_824),(4G,lot_849),(5G,lot_849),(4G,lot_852),(5G,lot_852),(4G,lot_855),(5G,lot_855),(4G,lot_881),(5G,lot_881),(4G,lot_884),(5G,lot_884),(4G,lot_889),(5G,lot_889),(4G,lot_916),(5G,lot_916),(4G,lot_919),(5G,lot_919),(4G,lot_922),(5G,lot_922),(4G,lot_949),(5G,lot_949),(4G,lot_952),(5G,lot_952),(4G,lot_956),(5G,lot_956),(4G,lot_984),(5G,lot_984),(4G,lot_987),(5G,lot_987),(4G,lot_1017),(5G,lot_1017),(4G,lot_1020),(5G,lot_1020),(4G,lot_1052),(5G,lot_1052),(4G,lot_1056),(5G,lot_1056)"
4,2,"(4G,lot_330),(5G,lot_330),(4G,lot_359),(5G,lot_359),(4G,lot_362),(5G,lot_362),(4G,lot_390),(5G,lot_390),(4G,lot_393),(5G,lot_393),(4G,lot_396),(5G,lot_396),(4G,lot_424),(5G,lot_424),(4G,lot_429),(5G,lot_429),(4G,lot_456),(5G,lot_456),(4G,lot_459),(5G,lot_459),(4G,lot_485),(5G,lot_485),(4G,lot_488),(5G,lot_488),(4G,lot_493),(5G,lot_493),(4G,lot_518),(5G,lot_518),(4G,lot_522),(5G,lot_522),(4G,lot_528),(5G,lot_528),(4G,lot_552),(5G,lot_552),(4G,lot_556),(5G,lot_556),(4G,lot_560),(5G,lot_560),(4G,lot_586),(5G,lot_586),(4G,lot_589),(5G,lot_589),(4G,lot_592),(5G,lot_592),(4G,lot_616),(5G,lot_616),(4G,lot_619),(5G,lot_619),(4G,lot_622),(5G,lot_622),(4G,lot_625),(5G,lot_625),(4G,lot_650),(5G,lot_650),(4G,lot_657),(5G,lot_657),(4G,lot_681),(5G,lot_681),(4G,lot_687),(5G,lot_687),(4G,lot_690),(5G,lot_690),(4G,lot_715),(5G,lot_715),(4G,lot_718),(5G,lot_718),(4G,lot_721),(5G,lot_721),(4G,lot_724),(5G,lot_724),(4G,lot_748),(5G,lot_748),(4G,lot_752),(5G,lot_752),(4G,lot_755),(5G,lot_755),(4G,lot_759),(5G,lot_759),(4G,lot_783),(5G,lot_783),(4G,lot_786),(5G,lot_786),(4G,lot_791),(5G,lot_791),(4G,lot_818),(5G,lot_818),(4G,lot_821),(5G,lot_821),(4G,lot_825),(5G,lot_825),(4G,lot_850),(5G,lot_850),(4G,lot_853),(5G,lot_853),(4G,lot_856),(5G,lot_856),(4G,lot_882),(5G,lot_882),(4G,lot_887),(5G,lot_887),(4G,lot_891),(5G,lot_891),(4G,lot_917),(5G,lot_917),(4G,lot_920),(5G,lot_920),(4G,lot_923),(5G,lot_923),(4G,lot_950),(5G,lot_950),(4G,lot_953),(5G,lot_953),(4G,lot_957),(5G,lot_957),(4G,lot_985),(5G,lot_985),(4G,lot_988),(5G,lot_988),(4G,lot_1018),(5G,lot_1018),(4G,lot_1022),(5G,lot_1022),(4G,lot_1054),(5G,lot_1054),(4G,lot_1089),(5G,lot_1089)"
5,0,"(4G,lot_1),(5G,lot_1),(4G,lot_4),(5G,lot_4),(4G,lot_10),(5G,lot_10),(4G,lot_14),(5G,lot_14),(4G,lot_18),(5G,lot_18),(4G,lot_37),(5G,lot_37),(4G,lot_41),(5G,lot_41),(4G,lot_45),(5G,lot_45),(4G,lot_49),(5G,lot_49),(4G,lot_52),(5G,lot_52),(4G,lot_69),(5G,lot_69),(4G,lot_74),(5G,lot_74),(4G,lot_79),(5G,lot_79),(4G,lot_82),(5G,lot_82),(4G,lot_100),(5G,lot_100),(4G,lot_103),(5G,lot_103),(4G,lot_106),(5G,lot_106),(4G,lot_110),(5G,lot_110),(4G,lot_114),(5G,lot_114),(4G,lot_118),(5G,lot_118),(4G,lot_137),(5G,lot_137),(4G,lot_142),(5G,lot_142),(4G,lot_146),(5G,lot_146),(4G,lot_150),(5G,lot_150),(4G,lot_168),(5G,lot_168),(4G,lot_177),(5G,lot_177),(4G,lot_181),(5G,lot_181),(4G,lot_185),(5G,lot_185),(4G,lot_201),(5G,lot_201),(4G,lot_204),(5G,lot_204),(4G,lot_207),(5G,lot_207),(4G,lot_211),(5G,lot_211),(4G,lot_218),(5G,lot_218),(4G,lot_234),(5G,lot_234),(4G,lot_243),(5G,lot_243),(4G,lot_247),(5G,lot_247),(4G,lot_250),(5G,lot_250),(4G,lot_267),(5G,lot_267),(4G,lot_270),(5G,lot_270),(4G,lot_276),(5G,lot_276),(4G,lot_281),(5G,lot_281),(4G,lot_299),(5G,lot_299),(4G,lot_302),(5G,lot_302),(4G,lot_308),(5G,lot_308),(4G,lot_311),(5G,lot_311),(4G,lot_316),(5G,lot_316),(4G,lot_332),(5G,lot_332),(4G,lot_335),(5G,lot_335),(4G,lot_338),(5G,lot_338),(4G,lot_343),(5G,lot_343),(4G,lot_346),(5G,lot_346),(4G,lot_349),(5G,lot_349),(4G,lot_365),(5G,lot_365),(4G,lot_368),(5G,lot_368),(4G,lot_374),(5G,lot_374),(4G,lot_377),(5G,lot_377),(4G,lot_380),(5G,lot_380),(4G,lot_383),(5G,lot_383),(4G,lot_399),(5G,lot_399),(4G,lot_405),(5G,lot_405),(4G,lot_410),(5G,lot_410),(4G,lot_432),(5G,lot_432),(4G,lot_436),(5G,lot_436),(4G,lot_439),(5G,lot_439),(4G,lot_442),(5G,lot_442),(4G,lot_448),(5G,lot_448),(4G,lot_466),(5G,lot_466),(4G,lot_470),(5G,lot_470),(4G,lot_475),(5G,lot_475),(4G,lot_479),(5G,lot_479),(4G,lot_497),(5G,lot_497),(4G,lot_501),(5G,lot_501),(4G,lot_504),(5G,lot_504),(4G,lot_508),(5G,lot_508),(4G,lot_512),(5G,lot_512),(4G,lot_532),(5G,lot_532),(4G,lot_535),(5G,lot_535),(4G,lot_540),(5G,lot_540),(4G,lot_544),(5G,lot_544),(4G,lot_566),(5G,lot_566),(4G,lot_570),(5G,lot_570),(4G,lot_574),(5G,lot_574),(4G,lot_602),(5G,lot_602),(4G,lot_605),(5G,lot_605),(4G,lot_636),(5G,lot_636)"
5,1,"(4G,lot_2),(5G,lot_2),(4G,lot_6),(5G,lot_6),(4G,lot_11),(5G,lot_11),(4G,lot_16),(5G,lot_16),(4G,lot_34),(5G,lot_34),(4G,lot_38),(5G,lot_38),(4G,lot_43),(5G,lot_43),(4G,lot_46),(5G,lot_46),(4G,lot_50),(5G,lot_50),(4G,lot_67),(5G,lot_67),(4G,lot_70),(5G,lot_70),(4G,lot_75),(5G,lot_75),(4G,lot_80),(5G,lot_80),(4G,lot_83),(5G,lot_83),(4G,lot_101),(5G,lot_101),(4G,lot_104),(5G,lot_104),(4G,lot_108),(5G,lot_108),(4G,lot_111),(5G,lot_111),(4G,lot_116),(5G,lot_116),(4G,lot_133),(5G,lot_133),(4G,lot_138),(5G,lot_138),(4G,lot_143),(5G,lot_143),(4G,lot_148),(5G,lot_148),(4G,lot_151),(5G,lot_151),(4G,lot_172),(5G,lot_172),(4G,lot_178),(5G,lot_178),(4G,lot_182),(5G,lot_182),(4G,lot_199),(5G,lot_199),(4G,lot_202),(5G,lot_202),(4G,lot_205),(5G,lot_205),(4G,lot_209),(5G,lot_209),(4G,lot_214),(5G,lot_214),(4G,lot_232),(5G,lot_232),(4G,lot_237),(5G,lot_237),(4G,lot_244),(5G,lot_244),(4G,lot_248),(5G,lot_248),(4G,lot_252),(5G,lot_252),(4G,lot_268),(5G,lot_268),(4G,lot_272),(5G,lot_272),(4G,lot_279),(5G,lot_279),(4G,lot_283),(5G,lot_283),(4G,lot_300),(5G,lot_300),(4G,lot_304),(5G,lot_304),(4G,lot_309),(5G,lot_309),(4G,lot_313),(5G,lot_313),(4G,lot_317),(5G,lot_317),(4G,lot_333),(5G,lot_333),(4G,lot_336),(5G,lot_336),(4G,lot_339),(5G,lot_339),(4G,lot_344),(5G,lot_344),(4G,lot_347),(5G,lot_347),(4G,lot_350),(5G,lot_350),(4G,lot_366),(5G,lot_366),(4G,lot_369),(5G,lot_369),(4G,lot_375),(5G,lot_375),(4G,lot_378),(5G,lot_378),(4G,lot_381),(5G,lot_381),(4G,lot_397),(5G,lot_397),(4G,lot_401),(5G,lot_401),(4G,lot_406),(5G,lot_406),(4G,lot_430),(5G,lot_430),(4G,lot_433),(5G,lot_433),(4G,lot_437),(5G,lot_437),(4G,lot_440),(5G,lot_440),(4G,lot_444),(5G,lot_444),(4G,lot_464),(5G,lot_464),(4G,lot_467),(5G,lot_467),(4G,lot_472),(5G,lot_472),(4G,lot_476),(5G,lot_476),(4G,lot_480),(5G,lot_480),(4G,lot_499),(5G,lot_499),(4G,lot_502),(5G,lot_502),(4G,lot_505),(5G,lot_505),(4G,lot_509),(5G,lot_509),(4G,lot_530),(5G,lot_530),(4G,lot_533),(5G,lot_533),(4G,lot_537),(5G,lot_537),(4G,lot_541),(5G,lot_541),(4G,lot_564),(5G,lot_564),(4G,lot_567),(5G,lot_567),(4G,lot_572),(5G,lot_572),(4G,lot_575),(5G,lot_575),(4G,lot_603),(5G,lot_603),(4G,lot_606),(5G,lot_606)"
5,2,"(4G,lot_3),(5G,lot_3),(4G,lot_9),(5G,lot_9),(4G,lot_12),(5G,lot_12),(4G,lot_17),(5G,lot_17),(4G,lot_36),(5G,lot_36),(4G,lot_40),(5G,lot_40),(4G,lot_44),(5G,lot_44),(4G,lot_48),(5G,lot_48),(4G,lot_51),(5G,lot_51),(4G,lot_68),(5G,lot_68),(4G,lot_71),(5G,lot_71),(4G,lot_77),(5G,lot_77),(4G,lot_81),(5G,lot_81),(4G,lot_84),(5G,lot_84),(4G,lot_102),(5G,lot_102),(4G,lot_105),(5G,lot_105),(4G,lot_109),(5G,lot_109),(4G,lot_112),(5G,lot_112),(4G,lot_117),(5G,lot_117),(4G,lot_135),(5G,lot_135),(4G,lot_140),(5G,lot_140),(4G,lot_145),(5G,lot_145),(4G,lot_149),(5G,lot_149),(4G,lot_167),(5G,lot_167),(4G,lot_176),(5G,lot_176),(4G,lot_179),(5G,lot_179),(4G,lot_183),(5G,lot_183),(4G,lot_200),(5G,lot_200),(4G,lot_203),(5G,lot_203),(4G,lot_206),(5G,lot_206),(4G,lot_210),(5G,lot_210),(4G,lot_215),(5G,lot_215),(4G,lot_233),(5G,lot_233),(4G,lot_240),(5G,lot_240),(4G,lot_245),(5G,lot_245),(4G,lot_249),(5G,lot_249),(4G,lot_265),(5G,lot_265),(4G,lot_269),(5G,lot_269),(4G,lot_274),(5G,lot_274),(4G,lot_280),(5G,lot_280),(4G,lot_284),(5G,lot_284),(4G,lot_301),(5G,lot_301),(4G,lot_307),(5G,lot_307),(4G,lot_310),(5G,lot_310),(4G,lot_315),(5G,lot_315),(4G,lot_331),(5G,lot_331),(4G,lot_334),(5G,lot_334),(4G,lot_337),(5G,lot_337),(4G,lot_341),(5G,lot_341),(4G,lot_345),(5G,lot_345),(4G,lot_348),(5G,lot_348),(4G,lot_364),(5G,lot_364),(4G,lot_367),(5G,lot_367),(4G,lot_371),(5G,lot_371),(4G,lot_376),(5G,lot_376),(4G,lot_379),(5G,lot_379),(4G,lot_382),(5G,lot_382),(4G,lot_398),(5G,lot_398),(4G,lot_404),(5G,lot_404),(4G,lot_409),(5G,lot_409),(4G,lot_431),(5G,lot_431),(4G,lot_435),(5G,lot_435),(4G,lot_438),(5G,lot_438),(4G,lot_441),(5G,lot_441),(4G,lot_447),(5G,lot_447),(4G,lot_465),(5G,lot_465),(4G,lot_469),(5G,lot_469),(4G,lot_473),(5G,lot_473),(4G,lot_477),(5G,lot_477),(4G,lot_496),(5G,lot_496),(4G,lot_500),(5G,lot_500),(4G,lot_503),(5G,lot_503),(4G,lot_506),(5G,lot_506),(4G,lot_510),(5G,lot_510),(4G,lot_531),(5G,lot_531),(4G,lot_534),(5G,lot_534),(4G,lot_539),(5G,lot_539),(4G,lot_542),(5G,lot_542),(4G,lot_565),(5G,lot_565),(4G,lot_569),(5G,lot_569),(4G,lot_573),(5G,lot_573),(4G,lot_600),(5G,lot_600),(4G,lot_604),(5G,lot_604),(4G,lot_607),(5G,lot_607)"
6,0,"(4G,lot_2),(5G,lot_2),(4G,lot_5),(5G,lot_5),(4G,lot_8),(5G,lot_8),(4G,lot_16),(5G,lot_16),(4G,lot_35),(5G,lot_35),(4G,lot_38),(5G,lot_38),(4G,lot_41),(5G,lot_41),(4G,lot_44),(5G,lot_44),(4G,lot_48),(5G,lot_48),(4G,lot_51),(5G,lot_51),(4G,lot_68),(5G,lot_68),(4G,lot_73),(5G,lot_73),(4G,lot_78),(5G,lot_78),(4G,lot_81),(5G,lot_81),(4G,lot_85),(5G,lot_85),(4G,lot_101),(5G,lot_101),(4G,lot_104),(5G,lot_104),(4G,lot_108),(5G,lot_108),(4G,lot_112),(5G,lot_112),(4G,lot_117),(5G,lot_117),(4G,lot_135),(5G,lot_135),(4G,lot_138),(5G,lot_138),(4G,lot_141),(5G,lot_141),(4G,lot_145),(5G,lot_145),(4G,lot_150),(5G,lot_150),(4G,lot_166),(5G,lot_166),(4G,lot_170),(5G,lot_170),(4G,lot_173),(5G,lot_173),(4G,lot_176),(5G,lot_176),(4G,lot_179),(5G,lot_179),(4G,lot_183),(5G,lot_183),(4G,lot_186),(5G,lot_186),(4G,lot_202),(5G,lot_202),(4G,lot_206),(5G,lot_206),(4G,lot_210),(5G,lot_210),(4G,lot_214),(5G,lot_214),(4G,lot_232),(5G,lot_232),(4G,lot_236),(5G,lot_236),(4G,lot_240),(5G,lot_240),(4G,lot_246),(5G,lot_246),(4G,lot_251),(5G,lot_251),(4G,lot_267),(5G,lot_267),(4G,lot_270),(5G,lot_270),(4G,lot_273),(5G,lot_273),(4G,lot_277),(5G,lot_277),(4G,lot_281),(5G,lot_281),(4G,lot_298),(5G,lot_298),(4G,lot_302),(5G,lot_302),(4G,lot_305),(5G,lot_305),(4G,lot_310),(5G,lot_310),(4G,lot_313),(5G,lot_313),(4G,lot_317),(5G,lot_317),(4G,lot_334),(5G,lot_334),(4G,lot_337),(5G,lot_337),(4G,lot_341),(5G,lot_341),(4G,lot_345),(5G,lot_345),(4G,lot_348),(5G,lot_348),(4G,lot_365),(5G,lot_365),(4G,lot_368),(5G,lot_368),(4G,lot_371),(5G,lot_371),(4G,lot_379),(5G,lot_379),(4G,lot_382),(5G,lot_382),(4G,lot_399),(5G,lot_399),(4G,lot_402),(5G,lot_402),(4G,lot_405),(5G,lot_405),(4G,lot_408),(5G,lot_408),(4G,lot_413),(5G,lot_413),(4G,lot_432),(5G,lot_432),(4G,lot_436),(5G,lot_436),(4G,lot_443),(5G,lot_443),(4G,lot_464),(5G,lot_464),(4G,lot_468),(5G,lot_468),(4G,lot_471),(5G,lot_471),(4G,lot_476),(5G,lot_476),(4G,lot_498),(5G,lot_498),(4G,lot_504),(5G,lot_504),(4G,lot_507),(5G,lot_507),(4G,lot_533),(5G,lot_533),(4G,lot_538),(5G,lot_538),(4G,lot_541),(5G,lot_541)"
6,1,"(4G,lot_3),(5G,lot_3),(4G,lot_6),(5G,lot_6),(4G,lot_9),(5G,lot_9),(4G,lot_17),(5G,lot_17),(4G,lot_36),(5G,lot_36),(4G,lot_39),(5G,lot_39),(4G,lot_42),(5G,lot_42),(4G,lot_45),(5G,lot_45),(4G,lot_49),(5G,lot_49),(4G,lot_53),(5G,lot_53),(4G,lot_71),(5G,lot_71),(4G,lot_74),(5G,lot_74),(4G,lot_79),(5G,lot_79),(4G,lot_82),(5G,lot_82),(4G,lot_86),(5G,lot_86),(4G,lot_102),(5G,lot_102),(4G,lot_105),(5G,lot_105),(4G,lot_109),(5G,lot_109),(4G,lot_113),(5G,lot_113),(4G,lot_119),(5G,lot_119),(4G,lot_136),(5G,lot_136),(4G,lot_139),(5G,lot_139),(4G,lot_142),(5G,lot_142),(4G,lot_146),(5G,lot_146),(4G,lot_151),(5G,lot_151),(4G,lot_168),(5G,lot_168),(4G,lot_171),(5G,lot_171),(4G,lot_174),(5G,lot_174),(4G,lot_177),(5G,lot_177),(4G,lot_180),(5G,lot_180),(4G,lot_184),(5G,lot_184),(4G,lot_199),(5G,lot_199),(4G,lot_203),(5G,lot_203),(4G,lot_207),(5G,lot_207),(4G,lot_212),(5G,lot_212),(4G,lot_216),(5G,lot_216),(4G,lot_233),(5G,lot_233),(4G,lot_237),(5G,lot_237),(4G,lot_242),(5G,lot_242),(4G,lot_247),(5G,lot_247),(4G,lot_265),(5G,lot_265),(4G,lot_268),(5G,lot_268),(4G,lot_271),(5G,lot_271),(4G,lot_274),(5G,lot_274),(4G,lot_278),(5G,lot_278),(4G,lot_283),(5G,lot_283),(4G,lot_300),(5G,lot_300),(4G,lot_303),(5G,lot_303),(4G,lot_308),(5G,lot_308),(4G,lot_311),(5G,lot_311),(4G,lot_314),(5G,lot_314),(4G,lot_331),(5G,lot_331),(4G,lot_335),(5G,lot_335),(4G,lot_338),(5G,lot_338),(4G,lot_342),(5G,lot_342),(4G,lot_346),(5G,lot_346),(4G,lot_349),(5G,lot_349),(4G,lot_366),(5G,lot_366),(4G,lot_369),(5G,lot_369),(4G,lot_374),(5G,lot_374),(4G,lot_380),(5G,lot_380),(4G,lot_397),(5G,lot_397),(4G,lot_400),(5G,lot_400),(4G,lot_403),(5G,lot_403),(4G,lot_406),(5G,lot_406),(4G,lot_409),(5G,lot_409),(4G,lot_414),(5G,lot_414),(4G,lot_434),(5G,lot_434),(4G,lot_440),(5G,lot_440),(4G,lot_445),(5G,lot_445),(4G,lot_465),(5G,lot_465),(4G,lot_469),(5G,lot_469),(4G,lot_473),(5G,lot_473),(4G,lot_477),(5G,lot_477),(4G,lot_501),(5G,lot_501),(4G,lot_505),(5G,lot_505),(4G,lot_508),(5G,lot_508),(4G,lot_535),(5G,lot_535),(4G,lot_539),(5G,lot_539),(4G,lot_570),(5G,lot_570)"
6,2,"(4G,lot_4),(5G,lot_4),(4G,lot_7),(5G,lot_7),(4G,lot_14),(5G,lot_14),(4G,lot_19),(5G,lot_19),(4G,lot_37),(5G,lot_37),(4G,lot_40),(5G,lot_40),(4G,lot_43),(5G,lot_43),(4G,lot_47),(5G,lot_47),(4G,lot_50),(5G,lot_50),(4G,lot_67),(5G,lot_67),(4G,lot_72),(5G,lot_72),(4G,lot_76),(5G,lot_76),(4G,lot_80),(5G,lot_80),(4G,lot_84),(5G,lot_84),(4G,lot_100),(5G,lot_100),(4G,lot_103),(5G,lot_103),(4G,lot_107),(5G,lot_107),(4G,lot_111),(5G,lot_111),(4G,lot_115),(5G,lot_115),(4G,lot_134),(5G,lot_134),(4G,lot_137),(5G,lot_137),(4G,lot_140),(5G,lot_140),(4G,lot_144),(5G,lot_144),(4G,lot_148),(5G,lot_148),(4G,lot_152),(5G,lot_152),(4G,lot_169),(5G,lot_169),(4G,lot_172),(5G,lot_172),(4G,lot_175),(5G,lot_175),(4G,lot_178),(5G,lot_178),(4G,lot_181),(5G,lot_181),(4G,lot_185),(5G,lot_185),(4G,lot_200),(5G,lot_200),(4G,lot_204),(5G,lot_204),(4G,lot_209),(5G,lot_209),(4G,lot_213),(5G,lot_213),(4G,lot_217),(5G,lot_217),(4G,lot_234),(5G,lot_234),(4G,lot_238),(5G,lot_238),(4G,lot_243),(5G,lot_243),(4G,lot_250),(5G,lot_250),(4G,lot_266),(5G,lot_266),(4G,lot_269),(5G,lot_269),(4G,lot_272),(5G,lot_272),(4G,lot_275),(5G,lot_275),(4G,lot_280),(5G,lot_280),(4G,lot_284),(5G,lot_284),(4G,lot_301),(5G,lot_301),(4G,lot_304),(5G,lot_304),(4G,lot_309),(5G,lot_309),(4G,lot_312),(5G,lot_312),(4G,lot_315),(5G,lot_315),(4G,lot_332),(5G,lot_332),(4G,lot_336),(5G,lot_336),(4G,lot_339),(5G,lot_339),(4G,lot_343),(5G,lot_343),(4G,lot_347),(5G,lot_347),(4G,lot_364),(5G,lot_364),(4G,lot_367),(5G,lot_367),(4G,lot_370),(5G,lot_370),(4G,lot_377),(5G,lot_377),(4G,lot_381),(5G,lot_381),(4G,lot_398),(5G,lot_398),(4G,lot_401),(5G,lot_401),(4G,lot_404),(5G,lot_404),(4G,lot_407),(5G,lot_407),(4G,lot_412),(5G,lot_412),(4G,lot_430),(5G,lot_430),(4G,lot_435),(5G,lot_435),(4G,lot_441),(5G,lot_441),(4G,lot_446),(5G,lot_446),(4G,lot_467),(5G,lot_467),(4G,lot_470),(5G,lot_470),(4G,lot_475),(5G,lot_475),(4G,lot_478),(5G,lot_478),(4G,lot_503),(5G,lot_503),(4G,lot_506),(5G,lot_506),(4G,lot_510),(5G,lot_510),(4G,lot_537),(5G,lot_537),(4G,lot_540),(5G,lot_540)"
7,0,"(4G,lot_398),(5G,lot_398),(4G,lot_464),(5G,lot_464),(4G,lot_467),(5G,lot_467),(4G,lot_470),(5G,lot_470),(4G,lot_531),(5G,lot_531),(4G,lot_535),(5G,lot_535),(4G,lot_538),(5G,lot_538),(4G,lot_564),(5G,lot_564),(4G,lot_568),(5G,lot_568),(4G,lot_595),(5G,lot_595),(4G,lot_599),(5G,lot_599),(4G,lot_602),(5G,lot_602),(4G,lot_606),(5G,lot_606),(4G,lot_630),(5G,lot_630),(4G,lot_635),(5G,lot_635),(4G,lot_638),(5G,lot_638),(4G,lot_663),(5G,lot_663),(4G,lot_669),(5G,lot_669),(4G,lot_673),(5G,lot_673),(4G,lot_696),(5G,lot_696),(4G,lot_699),(5G,lot_699),(4G,lot_702),(5G,lot_702),(4G,lot_727),(5G,lot_727),(4G,lot_730),(5G,lot_730),(4G,lot_734),(5G,lot_734),(4G,lot_737),(5G,lot_737),(4G,lot_760),(5G,lot_760),(4G,lot_763),(5G,lot_763),(4G,lot_768),(5G,lot_768),(4G,lot_771),(5G,lot_771),(4G,lot_794),(5G,lot_794),(4G,lot_798),(5G,lot_798),(4G,lot_801),(5G,lot_801),(4G,lot_804),(5G,lot_804),(4G,lot_827),(5G,lot_827),(4G,lot_833),(5G,lot_833),(4G,lot_837),(5G,lot_837),(4G,lot_865),(5G,lot_865),(4G,lot_871),(5G,lot_871),(4G,lot_894),(5G,lot_894),(4G,lot_900),(5G,lot_900),(4G,lot_925),(5G,lot_925),(4G,lot_929),(5G,lot_929),(4G,lot_932),(5G,lot_932),(4G,lot_935),(5G,lot_935),(4G,lot_959),(5G,lot_959),(4G,lot_962),(5G,lot_962),(4G,lot_965),(5G,lot_965),(4G,lot_968),(5G,lot_968),(4G,lot_994),(5G,lot_994),(4G,lot_998),(5G,lot_998),(4G,lot_1002),(5G,lot_1002),(4G,lot_1027),(5G,lot_1027),(4G,lot_1033),(5G,lot_1033),(4G,lot_1058),(5G,lot_1058),(4G,lot_1061),(5G,lot_1061),(4G,lot_1064),(5G,lot_1064)"
7,1,"(4G,lot_430),(5G,lot_430),(4G,lot_465),(5G,lot_465),(4G,lot_468),(5G,lot_468),(4G,lot_499),(5G,lot_499),(4G,lot_532),(5G,lot_532),(4G,lot_536),(5G,lot_536),(4G,lot_562),(5G,lot_562),(4G,lot_565),(5G,lot_565),(4G,lot_570),(5G,lot_570),(4G,lot_597),(5G,lot_597),(4G,lot_600),(5G,lot_600),(4G,lot_604),(5G,lot_604),(4G,lot_628),(5G,lot_628),(4G,lot_631),(5G,lot_631),(4G,lot_636),(5G,lot_636),(4G,lot_661),(5G,lot_661),(4G,lot_664),(5G,lot_664),(4G,lot_670),(5G,lot_670),(4G,lot_694),(5G,lot_694),(4G,lot_697),(5G,lot_697),(4G,lot_700),(5G,lot_700),(4G,lot_705),(5G,lot_705),(4G,lot_728),(5G,lot_728),(4G,lot_731),(5G,lot_731),(4G,lot_735),(5G,lot_735),(4G,lot_738),(5G,lot_738),(4G,lot_761),(5G,lot_761),(4G,lot_764),(5G,lot_764),(4G,lot_769),(5G,lot_769),(4G,lot_772),(5G,lot_772),(4G,lot_796),(5G,lot_796),(4G,lot_799),(5G,lot_799),(4G,lot_802),(5G,lot_802),(4G,lot_806),(5G,lot_806),(4G,lot_829),(5G,lot_829),(4G,lot_835),(5G,lot_835),(4G,lot_838),(5G,lot_838),(4G,lot_866),(5G,lot_866),(4G,lot_892),(5G,lot_892),(4G,lot_897),(5G,lot_897),(4G,lot_902),(5G,lot_902),(4G,lot_926),(5G,lot_926),(4G,lot_930),(5G,lot_930),(4G,lot_933),(5G,lot_933),(4G,lot_937),(5G,lot_937),(4G,lot_960),(5G,lot_960),(4G,lot_963),(5G,lot_963),(4G,lot_966),(5G,lot_966),(4G,lot_969),(5G,lot_969),(4G,lot_995),(5G,lot_995),(4G,lot_999),(5G,lot_999),(4G,lot_1024),(5G,lot_1024),(4G,lot_1030),(5G,lot_1030),(4G,lot_1034),(5G,lot_1034),(4G,lot_1059),(5G,lot_1059),(4G,lot_1062),(5G,lot_1062),(4G,lot_1065),(5G,lot_1065)"
7,2,"(4G,lot_463),(5G,lot_463),(4G,lot_466),(5G,lot_466),(4G,lot_469),(5G,lot_469),(4G,lot_501),(5G,lot_501),(4G,lot_533),(5G,lot_533),(4G,lot_537),(5G,lot_537),(4G,lot_563),(5G,lot_563),(4G,lot_567),(5G,lot_567),(4G,lot_572),(5G,lot_572),(4G,lot_598),(5G,lot_598),(4G,lot_601),(5G,lot_601),(4G,lot_605),(5G,lot_605),(4G,lot_629),(5G,lot_629),(4G,lot_634),(5G,lot_634),(4G,lot_637),(5G,lot_637),(4G,lot_662),(5G,lot_662),(4G,lot_665),(5G,lot_665),(4G,lot_671),(5G,lot_671),(4G,lot_695),(5G,lot_695),(4G,lot_698),(5G,lot_698),(4G,lot_701),(5G,lot_701),(4G,lot_706),(5G,lot_706),(4G,lot_729),(5G,lot_729),(4G,lot_732),(5G,lot_732),(4G,lot_736),(5G,lot_736),(4G,lot_739),(5G,lot_739),(4G,lot_762),(5G,lot_762),(4G,lot_767),(5G,lot_767),(4G,lot_770),(5G,lot_770),(4G,lot_793),(5G,lot_793),(4G,lot_797),(5G,lot_797),(4G,lot_800),(5G,lot_800),(4G,lot_803),(5G,lot_803),(4G,lot_826),(5G,lot_826),(4G,lot_830),(5G,lot_830),(4G,lot_836),(5G,lot_836),(4G,lot_860),(5G,lot_860),(4G,lot_868),(5G,lot_868),(4G,lot_893),(5G,lot_893),(4G,lot_899),(5G,lot_899),(4G,lot_904),(5G,lot_904),(4G,lot_927),(5G,lot_927),(4G,lot_931),(5G,lot_931),(4G,lot_934),(5G,lot_934),(4G,lot_958),(5G,lot_958),(4G,lot_961),(5G,lot_961),(4G,lot_964),(5G,lot_964),(4G,lot_967),(5G,lot_967),(4G,lot_993),(5G,lot_993),(4G,lot_996),(5G,lot_996),(4G,lot_1000),(5G,lot_1000),(4G,lot_1025),(5G,lot_1025),(4G,lot_1032),(5G,lot_1032),(4G,lot_1057),(5G,lot_1057),(4G,lot_1060),(5G,lot_1060),(4G,lot_1063),(5G,lot_1063),(4G,lot_1066),(5G,lot_1066)"
8,0,"(4G,lot_632),(5G,lot_632),(4G,lot_664),(5G,lot_664),(4G,lot_667),(5G,lot_667),(4G,lot_698),(5G,lot_698),(4G,lot_701),(5G,lot_701),(4G,lot_727),(5G,lot_727),(4G,lot_731),(5G,lot_731),(4G,lot_736),(5G,lot_736),(4G,lot_760),(5G,lot_760),(4G,lot_763),(5G,lot_763),(4G,lot_766),(5G,lot_766),(4G,lot_769),(5G,lot_769),(4G,lot_794),(5G,lot_794),(4G,lot_797),(5G,lot_797),(4G,lot_801),(5G,lot_801),(4G,lot_804),(5G,lot_804),(4G,lot_828),(5G,lot_828),(4G,lot_833),(5G,lot_833),(4G,lot_836),(5G,lot_836),(4G,lot_839),(5G,lot_839),(4G,lot_860),(5G,lot_860),(4G,lot_863),(5G,lot_863),(4G,lot_866),(5G,lot_866),(4G,lot_870),(5G,lot_870),(4G,lot_892),(5G,lot_892),(4G,lot_896),(5G,lot_896),(4G,lot_901),(5G,lot_901),(4G,lot_905),(5G,lot_905),(4G,lot_927),(5G,lot_927),(4G,lot_931),(5G,lot_931),(4G,lot_935),(5G,lot_935),(4G,lot_938),(5G,lot_938),(4G,lot_958),(5G,lot_958),(4G,lot_961),(5G,lot_961),(4G,lot_965),(5G,lot_965),(4G,lot_969),(5G,lot_969),(4G,lot_972),(5G,lot_972),(4G,lot_993),(5G,lot_993),(4G,lot_996),(5G,lot_996),(4G,lot_1000),(5G,lot_1000),(4G,lot_1005),(5G,lot_1005),(4G,lot_1026),(5G,lot_1026),(4G,lot_1029),(5G,lot_1029),(4G,lot_1032),(5G,lot_1032),(4G,lot_1035),(5G,lot_1035),(4G,lot_1038),(5G,lot_1038),(4G,lot_1057),(5G,lot_1057),(4G,lot_1060),(5G,lot_1060),(4G,lot_1063),(5G,lot_1063),(4G,lot_1066),(5G,lot_1066),(4G,lot_1070),(5G,lot_1070)"
8,1,"(4G,lot_662),(5G,lot_662),(4G,lot_665),(5G,lot_665),(4G,lot_668),(5G,lot_668),(4G,lot_699),(5G,lot_699),(4G,lot_703),(5G,lot_703),(4G,lot_729),(5G,lot_729),(4G,lot_732),(5G,lot_732),(4G,lot_737),(5G,lot_737),(4G,lot_761),(5G,lot_761),(4G,lot_764),(5G,lot_764),(4G,lot_767),(5G,lot_767),(4G,lot_770),(5G,lot_770),(4G,lot_795),(5G,lot_795),(4G,lot_798),(5G,lot_798),(4G,lot_802),(5G,lot_802),(4G,lot_806),(5G,lot_806),(4G,lot_829),(5G,lot_829),(4G,lot_834),(5G,lot_834),(4G,lot_837),(5G,lot_837),(4G,lot_840),(5G,lot_840),(4G,lot_861),(5G,lot_861),(4G,lot_864),(5G,lot_864),(4G,lot_868),(5G,lot_868),(4G,lot_871),(5G,lot_871),(4G,lot_894),(5G,lot_894),(4G,lot_898),(5G,lot_898),(4G,lot_902),(5G,lot_902),(4G,lot_925),(5G,lot_925),(4G,lot_928),(5G,lot_928),(4G,lot_932),(5G,lot_932),(4G,lot_936),(5G,lot_936),(4G,lot_939),(5G,lot_939),(4G,lot_959),(5G,lot_959),(4G,lot_962),(5G,lot_962),(4G,lot_967),(5G,lot_967),(4G,lot_970),(5G,lot_970),(4G,lot_973),(5G,lot_973),(4G,lot_994),(5G,lot_994),(4G,lot_997),(5G,lot_997),(4G,lot_1001),(5G,lot_1001),(4G,lot_1024),(5G,lot_1024),(4G,lot_1027),(5G,lot_1027),(4G,lot_1030),(5G,lot_1030),(4G,lot_1033),(5G,lot_1033),(4G,lot_1036),(5G,lot_1036),(4G,lot_1039),(5G,lot_1039),(4G,lot_1058),(5G,lot_1058),(4G,lot_1061),(5G,lot_1061),(4G,lot_1064),(5G,lot_1064),(4G,lot_1068),(5G,lot_1068),(4G,lot_1072),(5G,lot_1072)"
8,2,"(4G,lot_663),(5G,lot_663),(4G,lot_666),(5G,lot_666),(4G,lot_669),(5G,lot_669),(4G,lot_700),(5G,lot_700),(4G,lot_704),(5G,lot_704),(4G,lot_730),(5G,lot_730),(4G,lot_733),(5G,lot_733),(4G,lot_738),(5G,lot_738),(4G,lot_762),(5G,lot_762),(4G,lot_765),(5G,lot_765),(4G,lot_768),(5G,lot_768),(4G,lot_793),(5G,lot_793),(4G,lot_796),(5G,lot_796),(4G,lot_800),(5G,lot_800),(4G,lot_803),(5G,lot_803),(4G,lot_827),(5G,lot_827),(4G,lot_830),(5G,lot_830),(4G,lot_835),(5G,lot_835),(4G,lot_838),(5G,lot_838),(4G,lot_859),(5G,lot_859),(4G,lot_862),(5G,lot_862),(4G,lot_865),(5G,lot_865),(4G,lot_869),(5G,lot_869),(4G,lot_872),(5G,lot_872),(4G,lot_895),(5G,lot_895),(4G,lot_900),(5G,lot_900),(4G,lot_904),(5G,lot_904),(4G,lot_926),(5G,lot_926),(4G,lot_929),(5G,lot_929),(4G,lot_933),(5G,lot_933),(4G,lot_937),(5G,lot_937),(4G,lot_940),(5G,lot_940),(4G,lot_960),(5G,lot_960),(4G,lot_964),(5G,lot_964),(4G,lot_968),(5G,lot_968),(4G,lot_971),(5G,lot_971),(4G,lot_991),(5G,lot_991),(4G,lot_995),(5G,lot_995),(4G,lot_998),(5G,lot_998),(4G,lot_1003),(5G,lot_1003),(4G,lot_1025),(5G,lot_1025),(4G,lot_1028),(5G,lot_1028),(4G,lot_1031),(5G,lot_1031),(4G,lot_1034),(5G,lot_1034),(4G,lot_1037),(5G,lot_1037),(4G,lot_1040),(5G,lot_1040),(4G,lot_1059),(5G,lot_1059),(4G,lot_1062),(5G,lot_1062),(4G,lot_1065),(5G,lot_1065),(4G,lot_1069),(5G,lot_1069)"
9,0,"(4G,lot_415),(5G,lot_415),(4G,lot_446),(5G,lot_446),(4G,lot_450),(5G,lot_450),(4G,lot_476),(5G,lot_476),(4G,lot_480),(5G,lot_480),(4G,lot_484),(5G,lot_484),(4G,lot_507),(5G,lot_507),(4G,lot_510),(5G,lot_510),(4G,lot_515),(5G,lot_515),(4G,lot_518),(5G,lot_518),(4G,lot_521),(5G,lot_521),(4G,lot_543),(5G,lot_543),(4G,lot_548),(5G,lot_548),(4G,lot_553),(5G,lot_553),(4G,lot_572),(5G,lot_572),(4G,lot_575),(5G,lot_575),(4G,lot_579),(5G,lot_579),(4G,lot_583),(5G,lot_583),(4G,lot_587),(5G,lot_587),(4G,lot_603),(5G,lot_603),(4G,lot_612),(5G,lot_612),(4G,lot_615),(5G,lot_615),(4G,lot_619),(5G,lot_619),(4G,lot_622),(5G,lot_622),(4G,lot_638),(5G,lot_638),(4G,lot_643),(5G,lot_643),(4G,lot_646),(5G,lot_646),(4G,lot_651),(5G,lot_651),(4G,lot_656),(5G,lot_656),(4G,lot_673),(5G,lot_673),(4G,lot_678),(5G,lot_678),(4G,lot_683),(5G,lot_683),(4G,lot_686),(5G,lot_686),(4G,lot_689),(5G,lot_689),(4G,lot_705),(5G,lot_705),(4G,lot_709),(5G,lot_709),(4G,lot_715),(5G,lot_715),(4G,lot_720),(5G,lot_720),(4G,lot_723),(5G,lot_723),(4G,lot_736),(5G,lot_736),(4G,lot_740),(5G,lot_740),(4G,lot_743),(5G,lot_743),(4G,lot_746),(5G,lot_746),(4G,lot_751),(5G,lot_751),(4G,lot_755),(5G,lot_755),(4G,lot_769),(5G,lot_769),(4G,lot_772),(5G,lot_772),(4G,lot_776),(5G,lot_776),(4G,lot_779),(5G,lot_779),(4G,lot_783),(5G,lot_783),(4G,lot_786),(5G,lot_786),(4G,lot_802),(5G,lot_802),(4G,lot_805),(5G,lot_805),(4G,lot_809),(5G,lot_809),(4G,lot_813),(5G,lot_813),(4G,lot_817),(5G,lot_817),(4G,lot_823),(5G,lot_823),(4G,lot_837),(5G,lot_837),(4G,lot_840),(5G,lot_840),(4G,lot_844),(5G,lot_844),(4G,lot_850),(5G,lot_850),(4G,lot_855),(5G,lot_855),(4G,lot_868),(5G,lot_868),(4G,lot_872),(5G,lot_872),(4G,lot_875),(5G,lot_875),(4G,lot_878),(5G,lot_878),(4G,lot_882),(5G,lot_882),(4G,lot_885),(5G,lot_885),(4G,lot_899),(5G,lot_899),(4G,lot_902),(5G,lot_902),(4G,lot_906),(5G,lot_906),(4G,lot_909),(5G,lot_909),(4G,lot_915),(5G,lot_915),(4G,lot_920),(5G,lot_920),(4G,lot_933),(5G,lot_933),(4G,lot_937),(5G,lot_937),(4G,lot_940),(5G,lot_940),(4G,lot_943),(5G,lot_943),(4G,lot_950),(5G,lot_950),(4G,lot_953),(5G,lot_953),(4G,lot_967),(5G,lot_967),(4G,lot_970),(5G,lot_970),(4G,lot_973),(5G,lot_973),(4G,lot_976),(5G,lot_976),(4G,lot_981),(5G,lot_981),(4G,lot_986),(5G,lot_986),(4G,lot_1003),(5G,lot_1003),(4G,lot_1008),(5G,lot_1008),(4G,lot_1015),(5G,lot_1015),(4G,lot_1018),(5G,lot_1018),(4G,lot_1034),(5G,lot_1034),(4G,lot_1038),(5G,lot_1038),(4G,lot_1043),(5G,lot_1043),(4G,lot_1046),(5G,lot_1046),(4G,lot_1050),(5G,lot_1050),(4G,lot_1068),(5G,lot_1068),(4G,lot_1072),(5G,lot_1072),(4G,lot_1076),(5G,lot_1076),(4G,lot_1079),(5G,lot_1079)"
9,1,"(4G,lot_444),(5G,lot_444),(4G,lot_448),(5G,lot_448),(4G,lot_451),(5G,lot_451),(4G,lot_477),(5G,lot_477),(4G,lot_481),(5G,lot_481),(4G,lot_485),(5G,lot_485),(4G,lot_508),(5G,lot_508),(4G,lot_511),(5G,lot_511),(4G,lot_516),(5G,lot_516),(4G,lot_519),(5G,lot_519),(4G,lot_540),(5G,lot_540),(4G,lot_544),(5G,lot_544),(4G,lot_549),(5G,lot_549),(4G,lot_555),(5G,lot_555),(4G,lot_573),(5G,lot_573),(4G,lot_576),(5G,lot_576),(4G,lot_581),(5G,lot_581),(4G,lot_584),(5G,lot_584),(4G,lot_588),(5G,lot_588),(4G,lot_604),(5G,lot_604),(4G,lot_613),(5G,lot_613),(4G,lot_617),(5G,lot_617),(4G,lot_620),(5G,lot_620),(4G,lot_636),(5G,lot_636),(4G,lot_640),(5G,lot_640),(4G,lot_644),(5G,lot_644),(4G,lot_649),(5G,lot_649),(4G,lot_652),(5G,lot_652),(4G,lot_668),(5G,lot_668),(4G,lot_676),(5G,lot_676),(4G,lot_681),(5G,lot_681),(4G,lot_684),(5G,lot_684),(4G,lot_687),(5G,lot_687),(4G,lot_701),(5G,lot_701),(4G,lot_706),(5G,lot_706),(4G,lot_711),(5G,lot_711),(4G,lot_717),(5G,lot_717),(4G,lot_721),(5G,lot_721),(4G,lot_734),(5G,lot_734),(4G,lot_737),(5G,lot_737),(4G,lot_741),(5G,lot_741),(4G,lot_744),(5G,lot_744),(4G,lot_748),(5G,lot_748),(4G,lot_752),(5G,lot_752),(4G,lot_767),(5G,lot_767),(4G,lot_770),(5G,lot_770),(4G,lot_773),(5G,lot_773),(4G,lot_777),(5G,lot_777),(4G,lot_780),(5G,lot_780),(4G,lot_784),(5G,lot_784),(4G,lot_789),(5G,lot_789),(4G,lot_803),(5G,lot_803),(4G,lot_806),(5G,lot_806),(4G,lot_811),(5G,lot_811),(4G,lot_814),(5G,lot_814),(4G,lot_818),(5G,lot_818),(4G,lot_833),(5G,lot_833),(4G,lot_838),(5G,lot_838),(4G,lot_841),(5G,lot_841),(4G,lot_847),(5G,lot_847),(4G,lot_853),(5G,lot_853),(4G,lot_866),(5G,lot_866),(4G,lot_869),(5G,lot_869),(4G,lot_873),(5G,lot_873),(4G,lot_876),(5G,lot_876),(4G,lot_880),(5G,lot_880),(4G,lot_883),(5G,lot_883),(4G,lot_887),(5G,lot_887),(4G,lot_900),(5G,lot_900),(4G,lot_903),(5G,lot_903),(4G,lot_907),(5G,lot_907),(4G,lot_911),(5G,lot_911),(4G,lot_916),(5G,lot_916),(4G,lot_921),(5G,lot_921),(4G,lot_935),(5G,lot_935),(4G,lot_938),(5G,lot_938),(4G,lot_941),(5G,lot_941),(4G,lot_948),(5G,lot_948),(4G,lot_951),(5G,lot_951),(4G,lot_954),(5G,lot_954),(4G,lot_968),(5G,lot_968),(4G,lot_971),(5G,lot_971),(4G,lot_974),(5G,lot_974),(4G,lot_977),(5G,lot_977),(4G,lot_983),(5G,lot_983),(4G,lot_1000),(5G,lot_1000),(4G,lot_1004),(5G,lot_1004),(4G,lot_1009),(5G,lot_1009),(4G,lot_1016),(5G,lot_1016),(4G,lot_1019),(5G,lot_1019),(4G,lot_1035),(5G,lot_1035),(4G,lot_1040),(5G,lot_1040),(4G,lot_1044),(5G,lot_1044),(4G,lot_1047),(5G,lot_1047),(4G,lot_1051),(5G,lot_1051),(4G,lot_1069),(5G,lot_1069),(4G,lot_1074),(5G,lot_1074),(4G,lot_1077),(5G,lot_1077),(4G,lot_1081),(5G,lot_1081)"
9,2,"(4G,lot_445),(5G,lot_445),(4G,lot_449),(5G,lot_449),(4G,lot_475),(5G,lot_475),(4G,lot_478),(5G,lot_478),(4G,lot_482),(5G,lot_482),(4G,lot_487),(5G,lot_487),(4G,lot_509),(5G,lot_509),(4G,lot_512),(5G,lot_512),(4G,lot_517),(5G,lot_517),(4G,lot_520),(5G,lot_520),(4G,lot_541),(5G,lot_541),(4G,lot_545),(5G,lot_545),(4G,lot_551),(5G,lot_551),(4G,lot_571),(5G,lot_571),(4G,lot_574),(5G,lot_574),(4G,lot_578),(5G,lot_578),(4G,lot_582),(5G,lot_582),(4G,lot_586),(5G,lot_586),(4G,lot_589),(5G,lot_589),(4G,lot_605),(5G,lot_605),(4G,lot_614),(5G,lot_614),(4G,lot_618),(5G,lot_618),(4G,lot_621),(5G,lot_621),(4G,lot_637),(5G,lot_637),(4G,lot_641),(5G,lot_641),(4G,lot_645),(5G,lot_645),(4G,lot_650),(5G,lot_650),(4G,lot_653),(5G,lot_653),(4G,lot_669),(5G,lot_669),(4G,lot_677),(5G,lot_677),(4G,lot_682),(5G,lot_682),(4G,lot_685),(5G,lot_685),(4G,lot_688),(5G,lot_688),(4G,lot_703),(5G,lot_703),(4G,lot_708),(5G,lot_708),(4G,lot_714),(5G,lot_714),(4G,lot_718),(5G,lot_718),(4G,lot_722),(5G,lot_722),(4G,lot_735),(5G,lot_735),(4G,lot_739),(5G,lot_739),(4G,lot_742),(5G,lot_742),(4G,lot_745),(5G,lot_745),(4G,lot_749),(5G,lot_749),(4G,lot_753),(5G,lot_753),(4G,lot_768),(5G,lot_768),(4G,lot_771),(5G,lot_771),(4G,lot_775),(5G,lot_775),(4G,lot_778),(5G,lot_778),(4G,lot_782),(5G,lot_782),(4G,lot_785),(5G,lot_785),(4G,lot_799),(5G,lot_799),(4G,lot_804),(5G,lot_804),(4G,lot_808),(5G,lot_808),(4G,lot_812),(5G,lot_812),(4G,lot_816),(5G,lot_816),(4G,lot_822),(5G,lot_822),(4G,lot_835),(5G,lot_835),(4G,lot_839),(5G,lot_839),(4G,lot_842),(5G,lot_842),(4G,lot_848),(5G,lot_848),(4G,lot_854),(5G,lot_854),(4G,lot_867),(5G,lot_867),(4G,lot_870),(5G,lot_870),(4G,lot_874),(5G,lot_874),(4G,lot_877),(5G,lot_877),(4G,lot_881),(5G,lot_881),(4G,lot_884),(5G,lot_884),(4G,lot_888),(5G,lot_888),(4G,lot_901),(5G,lot_901),(4G,lot_905),(5G,lot_905),(4G,lot_908),(5G,lot_908),(4G,lot_913),(5G,lot_913),(4G,lot_918),(5G,lot_918),(4G,lot_932),(5G,lot_932),(4G,lot_936),(5G,lot_936),(4G,lot_939),(5G,lot_939),(4G,lot_942),(5G,lot_942),(4G,lot_949),(5G,lot_949),(4G,lot_952),(5G,lot_952),(4G,lot_966),(5G,lot_966),(4G,lot_969),(5G,lot_969),(4G,lot_972),(5G,lot_972),(4G,lot_975),(5G,lot_975),(4G,lot_978),(5G,lot_978),(4G,lot_985),(5G,lot_985),(4G,lot_1002),(5G,lot_1002),(4G,lot_1007),(5G,lot_1007),(4G,lot_1012),(5G,lot_1012),(4G,lot_1017),(5G,lot_1017),(4G,lot_1033),(5G,lot_1033),(4G,lot_1036),(5G,lot_1036),(4G,lot_1042),(5G,lot_1042),(4G,lot_1045),(5G,lot_1045),(4G,lot_1048),(5G,lot_1048),(4G,lot_1067),(5G,lot_1067),(4G,lot_1071),(5G,lot_1071),(4G,lot_1075),(5G,lot_1075),(4G,lot_1078),(5G,lot_1078),(4G,lot_1083),(5G,lot_1083)"
10,0,"(4G,lot_483),(5G,lot_483),(4G,lot_516),(5G,lot_516),(4G,lot_543),(5G,lot_543),(4G,lot_547),(5G,lot_547),(4G,lot_550),(5G,lot_550),(4G,lot_554),(5G,lot_554),(4G,lot_576),(5G,lot_576),(4G,lot_581),(5G,lot_581),(4G,lot_584),(5G,lot_584),(4G,lot_588),(5G,lot_588),(4G,lot_609),(5G,lot_609),(4G,lot_612),(5G,lot_612),(4G,lot_615),(5G,lot_615),(4G,lot_619),(5G,lot_619),(4G,lot_639),(5G,lot_639),(4G,lot_644),(5G,lot_644),(4G,lot_647),(5G,lot_647),(4G,lot_653),(5G,lot_653),(4G,lot_657),(5G,lot_657),(4G,lot_673),(5G,lot_673),(4G,lot_676),(5G,lot_676),(4G,lot_679),(5G,lot_679),(4G,lot_682),(5G,lot_682),(4G,lot_686),(5G,lot_686),(4G,lot_689),(5G,lot_689),(4G,lot_705),(5G,lot_705),(4G,lot_710),(5G,lot_710),(4G,lot_717),(5G,lot_717),(4G,lot_721),(5G,lot_721),(4G,lot_736),(5G,lot_736),(4G,lot_740),(5G,lot_740),(4G,lot_744),(5G,lot_744),(4G,lot_749),(5G,lot_749),(4G,lot_755),(5G,lot_755),(4G,lot_769),(5G,lot_769),(4G,lot_772),(5G,lot_772),(4G,lot_775),(5G,lot_775),(4G,lot_780),(5G,lot_780),(4G,lot_783),(5G,lot_783),(4G,lot_786),(5G,lot_786),(4G,lot_789),(5G,lot_789),(4G,lot_804),(5G,lot_804),(4G,lot_808),(5G,lot_808),(4G,lot_811),(5G,lot_811),(4G,lot_814),(5G,lot_814),(4G,lot_819),(5G,lot_819),(4G,lot_823),(5G,lot_823),(4G,lot_837),(5G,lot_837),(4G,lot_842),(5G,lot_842),(4G,lot_845),(5G,lot_845),(4G,lot_848),(5G,lot_848),(4G,lot_852),(5G,lot_852),(4G,lot_856),(5G,lot_856),(4G,lot_869),(5G,lot_869),(4G,lot_872),(5G,lot_872),(4G,lot_876),(5G,lot_876),(4G,lot_879),(5G,lot_879),(4G,lot_883),(5G,lot_883),(4G,lot_888),(5G,lot_888),(4G,lot_902),(5G,lot_902),(4G,lot_905),(5G,lot_905),(4G,lot_910),(5G,lot_910),(4G,lot_913),(5G,lot_913),(4G,lot_916),(5G,lot_916),(4G,lot_919),(5G,lot_919),(4G,lot_922),(5G,lot_922),(4G,lot_935),(5G,lot_935),(4G,lot_939),(5G,lot_939),(4G,lot_944),(5G,lot_944),(4G,lot_950),(5G,lot_950),(4G,lot_953),(5G,lot_953),(4G,lot_967),(5G,lot_967),(4G,lot_970),(5G,lot_970),(4G,lot_973),(5G,lot_973),(4G,lot_977),(5G,lot_977),(4G,lot_980),(5G,lot_980),(4G,lot_984),(5G,lot_984),(4G,lot_1000),(5G,lot_1000),(4G,lot_1006),(5G,lot_1006),(4G,lot_1010),(5G,lot_1010),(4G,lot_1014),(5G,lot_1014),(4G,lot_1018),(5G,lot_1018),(4G,lot_1022),(5G,lot_1022),(4G,lot_1037),(5G,lot_1037),(4G,lot_1043),(5G,lot_1043),(4G,lot_1048),(5G,lot_1048),(4G,lot_1051),(5G,lot_1051),(4G,lot_1069),(5G,lot_1069),(4G,lot_1073),(5G,lot_1073),(4G,lot_1077),(5G,lot_1077),(4G,lot_1082),(5G,lot_1082),(4G,lot_1087),(5G,lot_1087)"
10,1,"(4G,lot_512),(5G,lot_512),(4G,lot_517),(5G,lot_517),(4G,lot_545),(5G,lot_545),(4G,lot_548),(5G,lot_548),(4G,lot_552),(5G,lot_552),(4G,lot_555),(5G,lot_555),(4G,lot_577),(5G,lot_577),(4G,lot_582),(5G,lot_582),(4G,lot_586),(5G,lot_586),(4G,lot_607),(5G,lot_607),(4G,lot_610),(5G,lot_610),(4G,lot_613),(5G,lot_613),(4G,lot_616),(5G,lot_616),(4G,lot_621),(5G,lot_621),(4G,lot_640),(5G,lot_640),(4G,lot_645),(5G,lot_645),(4G,lot_649),(5G,lot_649),(4G,lot_654),(5G,lot_654),(4G,lot_671),(5G,lot_671),(4G,lot_674),(5G,lot_674),(4G,lot_677),(5G,lot_677),(4G,lot_680),(5G,lot_680),(4G,lot_683),(5G,lot_683),(4G,lot_687),(5G,lot_687),(4G,lot_691),(5G,lot_691),(4G,lot_706),(5G,lot_706),(4G,lot_713),(5G,lot_713),(4G,lot_718),(5G,lot_718),(4G,lot_722),(5G,lot_722),(4G,lot_737),(5G,lot_737),(4G,lot_741),(5G,lot_741),(4G,lot_745),(5G,lot_745),(4G,lot_752),(5G,lot_752),(4G,lot_756),(5G,lot_756),(4G,lot_770),(5G,lot_770),(4G,lot_773),(5G,lot_773),(4G,lot_776),(5G,lot_776),(4G,lot_781),(5G,lot_781),(4G,lot_784),(5G,lot_784),(4G,lot_787),(5G,lot_787),(4G,lot_790),(5G,lot_790),(4G,lot_805),(5G,lot_805),(4G,lot_809),(5G,lot_809),(4G,lot_812),(5G,lot_812),(4G,lot_816),(5G,lot_816),(4G,lot_820),(5G,lot_820),(4G,lot_824),(5G,lot_824),(4G,lot_838),(5G,lot_838),(4G,lot_843),(5G,lot_843),(4G,lot_846),(5G,lot_846),(4G,lot_849),(5G,lot_849),(4G,lot_853),(5G,lot_853),(4G,lot_857),(5G,lot_857),(4G,lot_870),(5G,lot_870),(4G,lot_873),(5G,lot_873),(4G,lot_877),(5G,lot_877),(4G,lot_881),(5G,lot_881),(4G,lot_884),(5G,lot_884),(4G,lot_891),(5G,lot_891),(4G,lot_903),(5G,lot_903),(4G,lot_906),(5G,lot_906),(4G,lot_911),(5G,lot_911),(4G,lot_914),(5G,lot_914),(4G,lot_917),(5G,lot_917),(4G,lot_920),(5G,lot_920),(4G,lot_923),(5G,lot_923),(4G,lot_936),(5G,lot_936),(4G,lot_940),(5G,lot_940),(4G,lot_945),(5G,lot_945),(4G,lot_951),(5G,lot_951),(4G,lot_955),(5G,lot_955),(4G,lot_968),(5G,lot_968),(4G,lot_971),(5G,lot_971),(4G,lot_975),(5G,lot_975),(4G,lot_978),(5G,lot_978),(4G,lot_981),(5G,lot_981),(4G,lot_985),(5G,lot_985),(4G,lot_1003),(5G,lot_1003),(4G,lot_1007),(5G,lot_1007),(4G,lot_1012),(5G,lot_1012),(4G,lot_1015),(5G,lot_1015),(4G,lot_1020),(5G,lot_1020),(4G,lot_1034),(5G,lot_1034),(4G,lot_1038),(5G,lot_1038),(4G,lot_1044),(5G,lot_1044),(4G,lot_1049),(5G,lot_1049),(4G,lot_1053),(5G,lot_1053),(4G,lot_1070),(5G,lot_1070),(4G,lot_1074),(5G,lot_1074),(4G,lot_1079),(5G,lot_1079),(4G,lot_1083),(5G,lot_1083)"
10,2,"(4G,lot_514),(5G,lot_514),(4G,lot_520),(5G,lot_520),(4G,lot_546),(5G,lot_546),(4G,lot_549),(5G,lot_549),(4G,lot_553),(5G,lot_553),(4G,lot_575),(5G,lot_575),(4G,lot_580),(5G,lot_580),(4G,lot_583),(5G,lot_583),(4G,lot_587),(5G,lot_587),(4G,lot_608),(5G,lot_608),(4G,lot_611),(5G,lot_611),(4G,lot_614),(5G,lot_614),(4G,lot_618),(5G,lot_618),(4G,lot_623),(5G,lot_623),(4G,lot_642),(5G,lot_642),(4G,lot_646),(5G,lot_646),(4G,lot_651),(5G,lot_651),(4G,lot_655),(5G,lot_655),(4G,lot_672),(5G,lot_672),(4G,lot_675),(5G,lot_675),(4G,lot_678),(5G,lot_678),(4G,lot_681),(5G,lot_681),(4G,lot_685),(5G,lot_685),(4G,lot_688),(5G,lot_688),(4G,lot_704),(5G,lot_704),(4G,lot_707),(5G,lot_707),(4G,lot_716),(5G,lot_716),(4G,lot_720),(5G,lot_720),(4G,lot_724),(5G,lot_724),(4G,lot_738),(5G,lot_738),(4G,lot_742),(5G,lot_742),(4G,lot_746),(5G,lot_746),(4G,lot_753),(5G,lot_753),(4G,lot_757),(5G,lot_757),(4G,lot_771),(5G,lot_771),(4G,lot_774),(5G,lot_774),(4G,lot_779),(5G,lot_779),(4G,lot_782),(5G,lot_782),(4G,lot_785),(5G,lot_785),(4G,lot_788),(5G,lot_788),(4G,lot_791),(5G,lot_791),(4G,lot_806),(5G,lot_806),(4G,lot_810),(5G,lot_810),(4G,lot_813),(5G,lot_813),(4G,lot_818),(5G,lot_818),(4G,lot_821),(5G,lot_821),(4G,lot_836),(5G,lot_836),(4G,lot_841),(5G,lot_841),(4G,lot_844),(5G,lot_844),(4G,lot_847),(5G,lot_847),(4G,lot_851),(5G,lot_851),(4G,lot_855),(5G,lot_855),(4G,lot_868),(5G,lot_868),(4G,lot_871),(5G,lot_871),(4G,lot_875),(5G,lot_875),(4G,lot_878),(5G,lot_878),(4G,lot_882),(5G,lot_882),(4G,lot_887),(5G,lot_887),(4G,lot_901),(5G,lot_901),(4G,lot_904),(5G,lot_904),(4G,lot_908),(5G,lot_908),(4G,lot_912),(5G,lot_912),(4G,lot_915),(5G,lot_915),(4G,lot_918),(5G,lot_918),(4G,lot_921),(5G,lot_921),(4G,lot_934),(5G,lot_934),(4G,lot_938),(5G,lot_938),(4G,lot_943),(5G,lot_943),(4G,lot_947),(5G,lot_947),(4G,lot_952),(5G,lot_952),(4G,lot_956),(5G,lot_956),(4G,lot_969),(5G,lot_969),(4G,lot_972),(5G,lot_972),(4G,lot_976),(5G,lot_976),(4G,lot_979),(5G,lot_979),(4G,lot_983),(5G,lot_983),(4G,lot_987),(5G,lot_987),(4G,lot_1004),(5G,lot_1004),(4G,lot_1008),(5G,lot_1008),(4G,lot_1013),(5G,lot_1013),(4G,lot_1016),(5G,lot_1016),(4G,lot_1021),(5G,lot_1021),(4G,lot_1035),(5G,lot_1035),(4G,lot_1039),(5G,lot_1039),(4G,lot_1045),(5G,lot_1045),(4G,lot_1050),(5G,lot_1050),(4G,lot_1067),(5G,lot_1067),(4G,lot_1071),(5G,lot_1071),(4G,lot_1076),(5G,lot_1076),(4G,lot_1081),(5G,lot_1081),(4G,lot_1084),(5G,lot_1084)"
11,0,"(4G,lot_615),(5G,lot_615),(4G,lot_646),(5G,lot_646),(4G,lot_649),(5G,lot_649),(4G,lot_652),(5G,lot_652),(4G,lot_681),(5G,lot_681),(4G,lot_685),(5G,lot_685),(4G,lot_707),(5G,lot_707),(4G,lot_712),(5G,lot_712),(4G,lot_715),(5G,lot_715),(4G,lot_720),(5G,lot_720),(4G,lot_742),(5G,lot_742),(4G,lot_745),(5G,lot_745),(4G,lot_752),(5G,lot_752),(4G,lot_755),(5G,lot_755),(4G,lot_775),(5G,lot_775),(4G,lot_779),(5G,lot_779),(4G,lot_783),(5G,lot_783),(4G,lot_787),(5G,lot_787),(4G,lot_805),(5G,lot_805),(4G,lot_809),(5G,lot_809),(4G,lot_813),(5G,lot_813),(4G,lot_817),(5G,lot_817),(4G,lot_820),(5G,lot_820),(4G,lot_836),(5G,lot_836),(4G,lot_840),(5G,lot_840),(4G,lot_845),(5G,lot_845),(4G,lot_848),(5G,lot_848),(4G,lot_851),(5G,lot_851),(4G,lot_856),(5G,lot_856),(4G,lot_871),(5G,lot_871),(4G,lot_874),(5G,lot_874),(4G,lot_877),(5G,lot_877),(4G,lot_881),(5G,lot_881),(4G,lot_886),(5G,lot_886),(4G,lot_902),(5G,lot_902),(4G,lot_906),(5G,lot_906),(4G,lot_911),(5G,lot_911),(4G,lot_916),(5G,lot_916),(4G,lot_919),(5G,lot_919),(4G,lot_934),(5G,lot_934),(4G,lot_937),(5G,lot_937),(4G,lot_940),(5G,lot_940),(4G,lot_946),(5G,lot_946),(4G,lot_949),(5G,lot_949),(4G,lot_954),(5G,lot_954),(4G,lot_970),(5G,lot_970),(4G,lot_973),(5G,lot_973),(4G,lot_976),(5G,lot_976),(4G,lot_979),(5G,lot_979),(4G,lot_984),(5G,lot_984),(4G,lot_999),(5G,lot_999),(4G,lot_1007),(5G,lot_1007),(4G,lot_1011),(5G,lot_1011),(4G,lot_1015),(5G,lot_1015),(4G,lot_1018),(5G,lot_1018),(4G,lot_1033),(5G,lot_1033),(4G,lot_1038),(5G,lot_1038),(4G,lot_1042),(5G,lot_1042),(4G,lot_1047),(5G,lot_1047),(4G,lot_1051),(5G,lot_1051),(4G,lot_1069),(5G,lot_1069),(4G,lot_1074),(5G,lot_1074),(4G,lot_1077),(5G,lot_1077),(4G,lot_1081),(5G,lot_1081),(4G,lot_1084),(5G,lot_1084),(4G,lot_1087),(5G,lot_1087)"
11,1,"(4G,lot_644),(5G,lot_644),(4G,lot_647),(5G,lot_647),(4G,lot_650),(5G,lot_650),(4G,lot_675),(5G,lot_675),(4G,lot_682),(5G,lot_682),(4G,lot_686),(5G,lot_686),(4G,lot_708),(5G,lot_708),(4G,lot_713),(5G,lot_713),(4G,lot_717),(5G,lot_717),(4G,lot_739),(5G,lot_739),(4G,lot_743),(5G,lot_743),(4G,lot_747),(5G,lot_747),(4G,lot_753),(5G,lot_753),(4G,lot_772),(5G,lot_772),(4G,lot_776),(5G,lot_776),(4G,lot_781),(5G,lot_781),(4G,lot_785),(5G,lot_785),(4G,lot_789),(5G,lot_789),(4G,lot_806),(5G,lot_806),(4G,lot_810),(5G,lot_810),(4G,lot_815),(5G,lot_815),(4G,lot_818),(5G,lot_818),(4G,lot_821),(5G,lot_821),(4G,lot_837),(5G,lot_837),(4G,lot_841),(5G,lot_841),(4G,lot_846),(5G,lot_846),(4G,lot_849),(5G,lot_849),(4G,lot_852),(5G,lot_852),(4G,lot_869),(5G,lot_869),(4G,lot_872),(5G,lot_872),(4G,lot_875),(5G,lot_875),(4G,lot_878),(5G,lot_878),(4G,lot_883),(5G,lot_883),(4G,lot_889),(5G,lot_889),(4G,lot_903),(5G,lot_903),(4G,lot_907),(5G,lot_907),(4G,lot_912),(5G,lot_912),(4G,lot_917),(5G,lot_917),(4G,lot_921),(5G,lot_921),(4G,lot_935),(5G,lot_935),(4G,lot_938),(5G,lot_938),(4G,lot_942),(5G,lot_942),(4G,lot_947),(5G,lot_947),(4G,lot_951),(5G,lot_951),(4G,lot_956),(5G,lot_956),(4G,lot_971),(5G,lot_971),(4G,lot_974),(5G,lot_974),(4G,lot_977),(5G,lot_977),(4G,lot_981),(5G,lot_981),(4G,lot_987),(5G,lot_987),(4G,lot_1001),(5G,lot_1001),(4G,lot_1008),(5G,lot_1008),(4G,lot_1013),(5G,lot_1013),(4G,lot_1016),(5G,lot_1016),(4G,lot_1021),(5G,lot_1021),(4G,lot_1034),(5G,lot_1034),(4G,lot_1039),(5G,lot_1039),(4G,lot_1043),(5G,lot_1043),(4G,lot_1048),(5G,lot_1048),(4G,lot_1053),(5G,lot_1053),(4G,lot_1070),(5G,lot_1070),(4G,lot_1075),(5G,lot_1075),(4G,lot_1078),(5G,lot_1078),(4G,lot_1082),(5G,lot_1082),(4G,lot_1085),(5G,lot_1085)"
11,2,"(4G,lot_645),(5G,lot_645),(4G,lot_648),(5G,lot_648),(4G,lot_651),(5G,lot_651),(4G,lot_677),(5G,lot_677),(4G,lot_684),(5G,lot_684),(4G,lot_687),(5G,lot_687),(4G,lot_711),(5G,lot_711),(4G,lot_714),(5G,lot_714),(4G,lot_719),(5G,lot_719),(4G,lot_740),(5G,lot_740),(4G,lot_744),(5G,lot_744),(4G,lot_748),(5G,lot_748),(4G,lot_754),(5G,lot_754),(4G,lot_774),(5G,lot_774),(4G,lot_778),(5G,lot_778),(4G,lot_782),(5G,lot_782),(4G,lot_786),(5G,lot_786),(4G,lot_804),(5G,lot_804),(4G,lot_807),(5G,lot_807),(4G,lot_811),(5G,lot_811),(4G,lot_816),(5G,lot_816),(4G,lot_819),(5G,lot_819),(4G,lot_822),(5G,lot_822),(4G,lot_838),(5G,lot_838),(4G,lot_843),(5G,lot_843),(4G,lot_847),(5G,lot_847),(4G,lot_850),(5G,lot_850),(4G,lot_855),(5G,lot_855),(4G,lot_870),(5G,lot_870),(4G,lot_873),(5G,lot_873),(4G,lot_876),(5G,lot_876),(4G,lot_879),(5G,lot_879),(4G,lot_884),(5G,lot_884),(4G,lot_901),(5G,lot_901),(4G,lot_904),(5G,lot_904),(4G,lot_908),(5G,lot_908),(4G,lot_913),(5G,lot_913),(4G,lot_918),(5G,lot_918),(4G,lot_923),(5G,lot_923),(4G,lot_936),(5G,lot_936),(4G,lot_939),(5G,lot_939),(4G,lot_943),(5G,lot_943),(4G,lot_948),(5G,lot_948),(4G,lot_953),(5G,lot_953),(4G,lot_968),(5G,lot_968),(4G,lot_972),(5G,lot_972),(4G,lot_975),(5G,lot_975),(4G,lot_978),(5G,lot_978),(4G,lot_982),(5G,lot_982),(4G,lot_989),(5G,lot_989),(4G,lot_1005),(5G,lot_1005),(4G,lot_1009),(5G,lot_1009),(4G,lot_1014),(5G,lot_1014),(4G,lot_1017),(5G,lot_1017),(4G,lot_1023),(5G,lot_1023),(4G,lot_1036),(5G,lot_1036),(4G,lot_1040),(5G,lot_1040),(4G,lot_1045),(5G,lot_1045),(4G,lot_1049),(5G,lot_1049),(4G,lot_1068),(5G,lot_1068),(4G,lot_1071),(5G,lot_1071),(4G,lot_1076),(5G,lot_1076),(4G,lot_1079),(5G,lot_1079),(4G,lot_1083),(5G,lot_1083),(4G,lot_1086),(5G,lot_1086)"
12,0,"(4G,lot_262),(5G,lot_262),(4G,lot_297),(5G,lot_297),(4G,lot_325),(5G,lot_325),(4G,lot_329),(5G,lot_329),(4G,lot_356),(5G,lot_356),(4G,lot_359),(5G,lot_359),(4G,lot_362),(5G,lot_362),(4G,lot_388),(5G,lot_388),(4G,lot_391),(5G,lot_391),(4G,lot_394),(5G,lot_394),(4G,lot_419),(5G,lot_419),(4G,lot_424),(5G,lot_424),(4G,lot_428),(5G,lot_428),(4G,lot_451),(5G,lot_451),(4G,lot_455),(5G,lot_455),(4G,lot_459),(5G,lot_459),(4G,lot_462),(5G,lot_462),(4G,lot_486),(5G,lot_486),(4G,lot_489),(5G,lot_489),(4G,lot_494),(5G,lot_494),(4G,lot_518),(5G,lot_518),(4G,lot_521),(5G,lot_521),(4G,lot_525),(5G,lot_525),(4G,lot_528),(5G,lot_528),(4G,lot_551),(5G,lot_551),(4G,lot_557),(5G,lot_557),(4G,lot_561),(5G,lot_561),(4G,lot_584),(5G,lot_584),(4G,lot_589),(5G,lot_589),(4G,lot_593),(5G,lot_593),(4G,lot_617),(5G,lot_617),(4G,lot_621),(5G,lot_621),(4G,lot_625),(5G,lot_625),(4G,lot_646),(5G,lot_646),(4G,lot_649),(5G,lot_649),(4G,lot_652),(5G,lot_652),(4G,lot_656),(5G,lot_656),(4G,lot_659),(5G,lot_659),(4G,lot_683),(5G,lot_683),(4G,lot_686),(5G,lot_686),(4G,lot_689),(5G,lot_689),(4G,lot_692),(5G,lot_692),(4G,lot_714),(5G,lot_714),(4G,lot_717),(5G,lot_717),(4G,lot_723),(5G,lot_723),(4G,lot_726),(5G,lot_726),(4G,lot_751),(5G,lot_751),(4G,lot_754),(5G,lot_754),(4G,lot_757),(5G,lot_757),(4G,lot_779),(5G,lot_779),(4G,lot_783),(5G,lot_783),(4G,lot_786),(5G,lot_786),(4G,lot_790),(5G,lot_790),(4G,lot_814),(5G,lot_814),(4G,lot_818),(5G,lot_818),(4G,lot_821),(5G,lot_821),(4G,lot_846),(5G,lot_846),(4G,lot_850),(5G,lot_850),(4G,lot_853),(5G,lot_853),(4G,lot_857),(5G,lot_857),(4G,lot_882),(5G,lot_882),(4G,lot_887),(5G,lot_887),(4G,lot_891),(5G,lot_891),(4G,lot_916),(5G,lot_916),(4G,lot_919),(5G,lot_919),(4G,lot_922),(5G,lot_922),(4G,lot_948),(5G,lot_948),(4G,lot_952),(5G,lot_952),(4G,lot_957),(5G,lot_957),(4G,lot_987),(5G,lot_987),(4G,lot_1017),(5G,lot_1017),(4G,lot_1021),(5G,lot_1021)"
12,1,"(4G,lot_291),(5G,lot_291),(4G,lot_322),(5G,lot_322),(4G,lot_327),(5G,lot_327),(4G,lot_330),(5G,lot_330),(4G,lot_357),(5G,lot_357),(4G,lot_360),(5G,lot_360),(4G,lot_386),(5G,lot_386),(4G,lot_389),(5G,lot_389),(4G,lot_392),(5G,lot_392),(4G,lot_396),(5G,lot_396),(4G,lot_421),(5G,lot_421),(4G,lot_425),(5G,lot_425),(4G,lot_429),(5G,lot_429),(4G,lot_453),(5G,lot_453),(4G,lot_456),(5G,lot_456),(4G,lot_460),(5G,lot_460),(4G,lot_483),(5G,lot_483),(4G,lot_487),(5G,lot_487),(4G,lot_492),(5G,lot_492),(4G,lot_515),(5G,lot_515),(4G,lot_519),(5G,lot_519),(4G,lot_522),(5G,lot_522),(4G,lot_526),(5G,lot_526),(4G,lot_548),(5G,lot_548),(4G,lot_553),(5G,lot_553),(4G,lot_558),(5G,lot_558),(4G,lot_581),(5G,lot_581),(4G,lot_585),(5G,lot_585),(4G,lot_590),(5G,lot_590),(4G,lot_614),(5G,lot_614),(4G,lot_618),(5G,lot_618),(4G,lot_623),(5G,lot_623),(4G,lot_626),(5G,lot_626),(4G,lot_647),(5G,lot_647),(4G,lot_650),(5G,lot_650),(4G,lot_654),(5G,lot_654),(4G,lot_657),(5G,lot_657),(4G,lot_681),(5G,lot_681),(4G,lot_684),(5G,lot_684),(4G,lot_687),(5G,lot_687),(4G,lot_690),(5G,lot_690),(4G,lot_693),(5G,lot_693),(4G,lot_715),(5G,lot_715),(4G,lot_720),(5G,lot_720),(4G,lot_724),(5G,lot_724),(4G,lot_746),(5G,lot_746),(4G,lot_752),(5G,lot_752),(4G,lot_755),(5G,lot_755),(4G,lot_758),(5G,lot_758),(4G,lot_781),(5G,lot_781),(4G,lot_784),(5G,lot_784),(4G,lot_787),(5G,lot_787),(4G,lot_791),(5G,lot_791),(4G,lot_815),(5G,lot_815),(4G,lot_819),(5G,lot_819),(4G,lot_824),(5G,lot_824),(4G,lot_847),(5G,lot_847),(4G,lot_851),(5G,lot_851),(4G,lot_855),(5G,lot_855),(4G,lot_880),(5G,lot_880),(4G,lot_884),(5G,lot_884),(4G,lot_889),(5G,lot_889),(4G,lot_914),(5G,lot_914),(4G,lot_917),(5G,lot_917),(4G,lot_920),(5G,lot_920),(4G,lot_923),(5G,lot_923),(4G,lot_950),(5G,lot_950),(4G,lot_953),(5G,lot_953),(4G,lot_984),(5G,lot_984),(4G,lot_988),(5G,lot_988),(4G,lot_1018),(5G,lot_1018),(4G,lot_1022),(5G,lot_1022)"
12,2,"(4G,lot_293),(5G,lot_293),(4G,lot_324),(5G,lot_324),(4G,lot_328),(5G,lot_328),(4G,lot_355),(5G,lot_355),(4G,lot_358),(5G,lot_358),(4G,lot_361),(5G,lot_361),(4G,lot_387),(5G,lot_387),(4G,lot_390),(5G,lot_390),(4G,lot_393),(5G,lot_393),(4G,lot_418),(5G,lot_418),(4G,lot_422),(5G,lot_422),(4G,lot_426),(5G,lot_426),(4G,lot_450),(5G,lot_450),(4G,lot_454),(5G,lot_454),(4G,lot_457),(5G,lot_457),(4G,lot_461),(5G,lot_461),(4G,lot_485),(5G,lot_485),(4G,lot_488),(5G,lot_488),(4G,lot_493),(5G,lot_493),(4G,lot_517),(5G,lot_517),(4G,lot_520),(5G,lot_520),(4G,lot_524),(5G,lot_524),(4G,lot_527),(5G,lot_527),(4G,lot_549),(5G,lot_549),(4G,lot_554),(5G,lot_554),(4G,lot_559),(5G,lot_559),(4G,lot_582),(5G,lot_582),(4G,lot_588),(5G,lot_588),(4G,lot_591),(5G,lot_591),(4G,lot_615),(5G,lot_615),(4G,lot_620),(5G,lot_620),(4G,lot_624),(5G,lot_624),(4G,lot_627),(5G,lot_627),(4G,lot_648),(5G,lot_648),(4G,lot_651),(5G,lot_651),(4G,lot_655),(5G,lot_655),(4G,lot_658),(5G,lot_658),(4G,lot_682),(5G,lot_682),(4G,lot_685),(5G,lot_685),(4G,lot_688),(5G,lot_688),(4G,lot_691),(5G,lot_691),(4G,lot_713),(5G,lot_713),(4G,lot_716),(5G,lot_716),(4G,lot_721),(5G,lot_721),(4G,lot_725),(5G,lot_725),(4G,lot_747),(5G,lot_747),(4G,lot_753),(5G,lot_753),(4G,lot_756),(5G,lot_756),(4G,lot_759),(5G,lot_759),(4G,lot_782),(5G,lot_782),(4G,lot_785),(5G,lot_785),(4G,lot_788),(5G,lot_788),(4G,lot_792),(5G,lot_792),(4G,lot_817),(5G,lot_817),(4G,lot_820),(5G,lot_820),(4G,lot_825),(5G,lot_825),(4G,lot_849),(5G,lot_849),(4G,lot_852),(5G,lot_852),(4G,lot_856),(5G,lot_856),(4G,lot_881),(5G,lot_881),(4G,lot_886),(5G,lot_886),(4G,lot_890),(5G,lot_890),(4G,lot_915),(5G,lot_915),(4G,lot_918),(5G,lot_918),(4G,lot_921),(5G,lot_921),(4G,lot_924),(5G,lot_924),(4G,lot_951),(5G,lot_951),(4G,lot_956),(5G,lot_956),(4G,lot_985),(5G,lot_985),(4G,lot_990),(5G,lot_990),(4G,lot_1020),(5G,lot_1020)"
13,0,"(4G,lot_684),(5G,lot_684),(4G,lot_715),(5G,lot_715),(4G,lot_718),(5G,lot_718),(4G,lot_721),(5G,lot_721),(4G,lot_746),(5G,lot_746),(4G,lot_750),(5G,lot_750),(4G,lot_753),(5G,lot_753),(4G,lot_756),(5G,lot_756),(4G,lot_778),(5G,lot_778),(4G,lot_781),(5G,lot_781),(4G,lot_785),(5G,lot_785),(4G,lot_788),(5G,lot_788),(4G,lot_809),(5G,lot_809),(4G,lot_812),(5G,lot_812),(4G,lot_815),(5G,lot_815),(4G,lot_819),(5G,lot_819),(4G,lot_824),(5G,lot_824),(4G,lot_843),(5G,lot_843),(4G,lot_846),(5G,lot_846),(4G,lot_849),(5G,lot_849),(4G,lot_855),(5G,lot_855),(4G,lot_858),(5G,lot_858),(4G,lot_874),(5G,lot_874),(4G,lot_878),(5G,lot_878),(4G,lot_884),(5G,lot_884),(4G,lot_888),(5G,lot_888),(4G,lot_906),(5G,lot_906),(4G,lot_909),(5G,lot_909),(4G,lot_912),(5G,lot_912),(4G,lot_915),(5G,lot_915),(4G,lot_919),(5G,lot_919),(4G,lot_922),(5G,lot_922),(4G,lot_938),(5G,lot_938),(4G,lot_941),(5G,lot_941),(4G,lot_944),(5G,lot_944),(4G,lot_948),(5G,lot_948),(4G,lot_954),(5G,lot_954),(4G,lot_957),(5G,lot_957),(4G,lot_972),(5G,lot_972),(4G,lot_976),(5G,lot_976),(4G,lot_979),(5G,lot_979),(4G,lot_984),(5G,lot_984),(4G,lot_988),(5G,lot_988),(4G,lot_1003),(5G,lot_1003),(4G,lot_1007),(5G,lot_1007),(4G,lot_1011),(5G,lot_1011),(4G,lot_1014),(5G,lot_1014),(4G,lot_1020),(5G,lot_1020),(4G,lot_1023),(5G,lot_1023),(4G,lot_1039),(5G,lot_1039),(4G,lot_1043),(5G,lot_1043),(4G,lot_1047),(5G,lot_1047),(4G,lot_1050),(5G,lot_1050),(4G,lot_1055),(5G,lot_1055),(4G,lot_1069),(5G,lot_1069),(4G,lot_1077),(5G,lot_1077),(4G,lot_1080),(5G,lot_1080),(4G,lot_1083),(5G,lot_1083),(4G,lot_1087),(5G,lot_1087)"
13,1,"(4G,lot_713),(5G,lot_713),(4G,lot_716),(5G,lot_716),(4G,lot_719),(5G,lot_719),(4G,lot_744),(5G,lot_744),(4G,lot_747),(5G,lot_747),(4G,lot_751),(5G,lot_751),(4G,lot_754),(5G,lot_754),(4G,lot_776),(5G,lot_776),(4G,lot_779),(5G,lot_779),(4G,lot_783),(5G,lot_783),(4G,lot_786),(5G,lot_786),(4G,lot_789),(5G,lot_789),(4G,lot_810),(5G,lot_810),(4G,lot_813),(5G,lot_813),(4G,lot_816),(5G,lot_816),(4G,lot_822),(5G,lot_822),(4G,lot_840),(5G,lot_840),(4G,lot_844),(5G,lot_844),(4G,lot_847),(5G,lot_847),(4G,lot_852),(5G,lot_852),(4G,lot_856),(5G,lot_856),(4G,lot_872),(5G,lot_872),(4G,lot_876),(5G,lot_876),(4G,lot_880),(5G,lot_880),(4G,lot_885),(5G,lot_885),(4G,lot_889),(5G,lot_889),(4G,lot_907),(5G,lot_907),(4G,lot_910),(5G,lot_910),(4G,lot_913),(5G,lot_913),(4G,lot_916),(5G,lot_916),(4G,lot_920),(5G,lot_920),(4G,lot_924),(5G,lot_924),(4G,lot_939),(5G,lot_939),(4G,lot_942),(5G,lot_942),(4G,lot_945),(5G,lot_945),(4G,lot_949),(5G,lot_949),(4G,lot_955),(5G,lot_955),(4G,lot_970),(5G,lot_970),(4G,lot_973),(5G,lot_973),(4G,lot_977),(5G,lot_977),(4G,lot_981),(5G,lot_981),(4G,lot_985),(5G,lot_985),(4G,lot_989),(5G,lot_989),(4G,lot_1004),(5G,lot_1004),(4G,lot_1009),(5G,lot_1009),(4G,lot_1012),(5G,lot_1012),(4G,lot_1017),(5G,lot_1017),(4G,lot_1021),(5G,lot_1021),(4G,lot_1036),(5G,lot_1036),(4G,lot_1040),(5G,lot_1040),(4G,lot_1045),(5G,lot_1045),(4G,lot_1048),(5G,lot_1048),(4G,lot_1051),(5G,lot_1051),(4G,lot_1056),(5G,lot_1056),(4G,lot_1072),(5G,lot_1072),(4G,lot_1078),(5G,lot_1078),(4G,lot_1081),(5G,lot_1081),(4G,lot_1085),(5G,lot_1085),(4G,lot_1088),(5G,lot_1088)"
13,2,"(4G,lot_714),(5G,lot_714),(4G,lot_717),(5G,lot_717),(4G,lot_720),(5G,lot_720),(4G,lot_745),(5G,lot_745),(4G,lot_748),(5G,lot_748),(4G,lot_752),(5G,lot_752),(4G,lot_755),(5G,lot_755),(4G,lot_777),(5G,lot_777),(4G,lot_780),(5G,lot_780),(4G,lot_784),(5G,lot_784),(4G,lot_787),(5G,lot_787),(4G,lot_808),(5G,lot_808),(4G,lot_811),(5G,lot_811),(4G,lot_814),(5G,lot_814),(4G,lot_818),(5G,lot_818),(4G,lot_823),(5G,lot_823),(4G,lot_841),(5G,lot_841),(4G,lot_845),(5G,lot_845),(4G,lot_848),(5G,lot_848),(4G,lot_853),(5G,lot_853),(4G,lot_857),(5G,lot_857),(4G,lot_873),(5G,lot_873),(4G,lot_877),(5G,lot_877),(4G,lot_881),(5G,lot_881),(4G,lot_887),(5G,lot_887),(4G,lot_905),(5G,lot_905),(4G,lot_908),(5G,lot_908),(4G,lot_911),(5G,lot_911),(4G,lot_914),(5G,lot_914),(4G,lot_918),(5G,lot_918),(4G,lot_921),(5G,lot_921),(4G,lot_937),(5G,lot_937),(4G,lot_940),(5G,lot_940),(4G,lot_943),(5G,lot_943),(4G,lot_946),(5G,lot_946),(4G,lot_951),(5G,lot_951),(4G,lot_956),(5G,lot_956),(4G,lot_971),(5G,lot_971),(4G,lot_975),(5G,lot_975),(4G,lot_978),(5G,lot_978),(4G,lot_982),(5G,lot_982),(4G,lot_987),(5G,lot_987),(4G,lot_990),(5G,lot_990),(4G,lot_1006),(5G,lot_1006),(4G,lot_1010),(5G,lot_1010),(4G,lot_1013),(5G,lot_1013),(4G,lot_1019),(5G,lot_1019),(4G,lot_1022),(5G,lot_1022),(4G,lot_1038),(5G,lot_1038),(4G,lot_1041),(5G,lot_1041),(4G,lot_1046),(5G,lot_1046),(4G,lot_1049),(5G,lot_1049),(4G,lot_1052),(5G,lot_1052),(4G,lot_1068),(5G,lot_1068),(4G,lot_1074),(5G,lot_1074),(4G,lot_1079),(5G,lot_1079),(4G,lot_1082),(5G,lot_1082),(4G,lot_1086),(5G,lot_1086)"
14,0,"(4G,lot_2),(5G,lot_2),(4G,lot_5),(5G,lot_5),(4G,lot_10),(5G,lot_10),(4G,lot_13),(5G,lot_13),(4G,lot_34),(5G,lot_34),(4G,lot_37),(5G,lot_37),(4G,lot_42),(5G,lot_42),(4G,lot_45),(5G,lot_45),(4G,lot_48),(5G,lot_48),(4G,lot_68),(5G,lot_68),(4G,lot_71),(5G,lot_71),(4G,lot_74),(5G,lot_74),(4G,lot_77),(5G,lot_77),(4G,lot_80),(5G,lot_80),(4G,lot_84),(5G,lot_84),(4G,lot_102),(5G,lot_102),(4G,lot_106),(5G,lot_106),(4G,lot_111),(5G,lot_111),(4G,lot_115),(5G,lot_115),(4G,lot_118),(5G,lot_118),(4G,lot_135),(5G,lot_135),(4G,lot_138),(5G,lot_138),(4G,lot_141),(5G,lot_141),(4G,lot_145),(5G,lot_145),(4G,lot_148),(5G,lot_148),(4G,lot_169),(5G,lot_169),(4G,lot_173),(5G,lot_173),(4G,lot_176),(5G,lot_176),(4G,lot_179),(5G,lot_179),(4G,lot_182),(5G,lot_182),(4G,lot_199),(5G,lot_199),(4G,lot_204),(5G,lot_204),(4G,lot_207),(5G,lot_207),(4G,lot_216),(5G,lot_216),(4G,lot_238),(5G,lot_238),(4G,lot_241),(5G,lot_241),(4G,lot_245),(5G,lot_245),(4G,lot_248),(5G,lot_248),(4G,lot_266),(5G,lot_266),(4G,lot_270),(5G,lot_270),(4G,lot_275),(5G,lot_275),(4G,lot_282),(5G,lot_282),(4G,lot_299),(5G,lot_299),(4G,lot_303),(5G,lot_303),(4G,lot_309),(5G,lot_309),(4G,lot_312),(5G,lot_312),(4G,lot_316),(5G,lot_316),(4G,lot_336),(5G,lot_336),(4G,lot_339),(5G,lot_339),(4G,lot_343),(5G,lot_343),(4G,lot_348),(5G,lot_348),(4G,lot_365),(5G,lot_365),(4G,lot_368),(5G,lot_368),(4G,lot_371),(5G,lot_371),(4G,lot_375),(5G,lot_375),(4G,lot_382),(5G,lot_382),(4G,lot_400),(5G,lot_400),(4G,lot_404),(5G,lot_404),(4G,lot_409),(5G,lot_409),(4G,lot_413),(5G,lot_413),(4G,lot_431),(5G,lot_431),(4G,lot_436),(5G,lot_436),(4G,lot_441),(5G,lot_441),(4G,lot_444),(5G,lot_444),(4G,lot_447),(5G,lot_447),(4G,lot_465),(5G,lot_465),(4G,lot_470),(5G,lot_470),(4G,lot_475),(5G,lot_475),(4G,lot_478),(5G,lot_478),(4G,lot_497),(5G,lot_497),(4G,lot_504),(5G,lot_504),(4G,lot_507),(5G,lot_507),(4G,lot_532),(5G,lot_532),(4G,lot_536),(5G,lot_536),(4G,lot_539),(5G,lot_539),(4G,lot_563),(5G,lot_563),(4G,lot_567),(5G,lot_567),(4G,lot_570),(5G,lot_570),(4G,lot_598),(5G,lot_598),(4G,lot_601),(5G,lot_601),(4G,lot_604),(5G,lot_604)"
14,1,"(4G,lot_3),(5G,lot_3),(4G,lot_6),(5G,lot_6),(4G,lot_11),(5G,lot_11),(4G,lot_14),(5G,lot_14),(4G,lot_35),(5G,lot_35),(4G,lot_40),(5G,lot_40),(4G,lot_43),(5G,lot_43),(4G,lot_46),(5G,lot_46),(4G,lot_50),(5G,lot_50),(4G,lot_69),(5G,lot_69),(4G,lot_72),(5G,lot_72),(4G,lot_75),(5G,lot_75),(4G,lot_78),(5G,lot_78),(4G,lot_82),(5G,lot_82),(4G,lot_100),(5G,lot_100),(4G,lot_103),(5G,lot_103),(4G,lot_108),(5G,lot_108),(4G,lot_113),(5G,lot_113),(4G,lot_116),(5G,lot_116),(4G,lot_133),(5G,lot_133),(4G,lot_136),(5G,lot_136),(4G,lot_139),(5G,lot_139),(4G,lot_143),(5G,lot_143),(4G,lot_146),(5G,lot_146),(4G,lot_166),(5G,lot_166),(4G,lot_170),(5G,lot_170),(4G,lot_174),(5G,lot_174),(4G,lot_177),(5G,lot_177),(4G,lot_180),(5G,lot_180),(4G,lot_183),(5G,lot_183),(4G,lot_201),(5G,lot_201),(4G,lot_205),(5G,lot_205),(4G,lot_209),(5G,lot_209),(4G,lot_233),(5G,lot_233),(4G,lot_239),(5G,lot_239),(4G,lot_242),(5G,lot_242),(4G,lot_246),(5G,lot_246),(4G,lot_251),(5G,lot_251),(4G,lot_267),(5G,lot_267),(4G,lot_272),(5G,lot_272),(4G,lot_276),(5G,lot_276),(4G,lot_283),(5G,lot_283),(4G,lot_301),(5G,lot_301),(4G,lot_305),(5G,lot_305),(4G,lot_310),(5G,lot_310),(4G,lot_314),(5G,lot_314),(4G,lot_331),(5G,lot_331),(4G,lot_337),(5G,lot_337),(4G,lot_341),(5G,lot_341),(4G,lot_344),(5G,lot_344),(4G,lot_349),(5G,lot_349),(4G,lot_366),(5G,lot_366),(4G,lot_369),(5G,lot_369),(4G,lot_372),(5G,lot_372),(4G,lot_379),(5G,lot_379),(4G,lot_397),(5G,lot_397),(4G,lot_401),(5G,lot_401),(4G,lot_405),(5G,lot_405),(4G,lot_410),(5G,lot_410),(4G,lot_414),(5G,lot_414),(4G,lot_432),(5G,lot_432),(4G,lot_438),(5G,lot_438),(4G,lot_442),(5G,lot_442),(4G,lot_445),(5G,lot_445),(4G,lot_463),(5G,lot_463),(4G,lot_466),(5G,lot_466),(4G,lot_472),(5G,lot_472),(4G,lot_476),(5G,lot_476),(4G,lot_479),(5G,lot_479),(4G,lot_500),(5G,lot_500),(4G,lot_505),(5G,lot_505),(4G,lot_509),(5G,lot_509),(4G,lot_533),(5G,lot_533),(4G,lot_537),(5G,lot_537),(4G,lot_542),(5G,lot_542),(4G,lot_564),(5G,lot_564),(4G,lot_568),(5G,lot_568),(4G,lot_571),(5G,lot_571),(4G,lot_599),(5G,lot_599),(4G,lot_602),(5G,lot_602),(4G,lot_606),(5G,lot_606)"
14,2,"(4G,lot_4),(5G,lot_4),(4G,lot_9),(5G,lot_9),(4G,lot_12),(5G,lot_12),(4G,lot_17),(5G,lot_17),(4G,lot_36),(5G,lot_36),(4G,lot_41),(5G,lot_41),(4G,lot_44),(5G,lot_44),(4G,lot_47),(5G,lot_47),(4G,lot_51),(5G,lot_51),(4G,lot_70),(5G,lot_70),(4G,lot_73),(5G,lot_73),(4G,lot_76),(5G,lot_76),(4G,lot_79),(5G,lot_79),(4G,lot_83),(5G,lot_83),(4G,lot_101),(5G,lot_101),(4G,lot_105),(5G,lot_105),(4G,lot_110),(5G,lot_110),(4G,lot_114),(5G,lot_114),(4G,lot_117),(5G,lot_117),(4G,lot_134),(5G,lot_134),(4G,lot_137),(5G,lot_137),(4G,lot_140),(5G,lot_140),(4G,lot_144),(5G,lot_144),(4G,lot_147),(5G,lot_147),(4G,lot_168),(5G,lot_168),(4G,lot_171),(5G,lot_171),(4G,lot_175),(5G,lot_175),(4G,lot_178),(5G,lot_178),(4G,lot_181),(5G,lot_181),(4G,lot_184),(5G,lot_184),(4G,lot_202),(5G,lot_202),(4G,lot_206),(5G,lot_206),(4G,lot_215),(5G,lot_215),(4G,lot_235),(5G,lot_235),(4G,lot_240),(5G,lot_240),(4G,lot_243),(5G,lot_243),(4G,lot_247),(5G,lot_247),(4G,lot_265),(5G,lot_265),(4G,lot_268),(5G,lot_268),(4G,lot_273),(5G,lot_273),(4G,lot_281),(5G,lot_281),(4G,lot_298),(5G,lot_298),(4G,lot_302),(5G,lot_302),(4G,lot_308),(5G,lot_308),(4G,lot_311),(5G,lot_311),(4G,lot_315),(5G,lot_315),(4G,lot_332),(5G,lot_332),(4G,lot_338),(5G,lot_338),(4G,lot_342),(5G,lot_342),(4G,lot_347),(5G,lot_347),(4G,lot_364),(5G,lot_364),(4G,lot_367),(5G,lot_367),(4G,lot_370),(5G,lot_370),(4G,lot_373),(5G,lot_373),(4G,lot_380),(5G,lot_380),(4G,lot_398),(5G,lot_398),(4G,lot_403),(5G,lot_403),(4G,lot_408),(5G,lot_408),(4G,lot_411),(5G,lot_411),(4G,lot_430),(5G,lot_430),(4G,lot_434),(5G,lot_434),(4G,lot_440),(5G,lot_440),(4G,lot_443),(5G,lot_443),(4G,lot_446),(5G,lot_446),(4G,lot_464),(5G,lot_464),(4G,lot_467),(5G,lot_467),(4G,lot_474),(5G,lot_474),(4G,lot_477),(5G,lot_477),(4G,lot_496),(5G,lot_496),(4G,lot_502),(5G,lot_502),(4G,lot_506),(5G,lot_506),(4G,lot_530),(5G,lot_530),(4G,lot_534),(5G,lot_534),(4G,lot_538),(5G,lot_538),(4G,lot_543),(5G,lot_543),(4G,lot_565),(5G,lot_565),(4G,lot_569),(5G,lot_569),(4G,lot_572),(5G,lot_572),(4G,lot_600),(5G,lot_600),(4G,lot_603),(5G,lot_603)"
15,0,"(4G,lot_3),(5G,lot_3),(4G,lot_7),(5G,lot_7),(4G,lot_10),(5G,lot_10),(4G,lot_14),(5G,lot_14),(4G,lot_17),(5G,lot_17),(4G,lot_20),(5G,lot_20),(4G,lot_24),(5G,lot_24),(4G,lot_27),(5G,lot_27),(4G,lot_39),(5G,lot_39),(4G,lot_42),(5G,lot_42),(4G,lot_46),(5G,lot_46),(4G,lot_49),(5G,lot_49),(4G,lot_53),(5G,lot_53),(4G,lot_58),(5G,lot_58),(4G,lot_71),(5G,lot_71),(4G,lot_75),(5G,lot_75),(4G,lot_79),(5G,lot_79),(4G,lot_83),(5G,lot_83),(4G,lot_89),(5G,lot_89),(4G,lot_92),(5G,lot_92),(4G,lot_105),(5G,lot_105),(4G,lot_108),(5G,lot_108),(4G,lot_112),(5G,lot_112),(4G,lot_115),(5G,lot_115),(4G,lot_118),(5G,lot_118),(4G,lot_121),(5G,lot_121),(4G,lot_125),(5G,lot_125),(4G,lot_138),(5G,lot_138),(4G,lot_143),(5G,lot_143),(4G,lot_147),(5G,lot_147),(4G,lot_150),(5G,lot_150),(4G,lot_154),(5G,lot_154),(4G,lot_158),(5G,lot_158),(4G,lot_173),(5G,lot_173),(4G,lot_180),(5G,lot_180),(4G,lot_184),(5G,lot_184),(4G,lot_189),(5G,lot_189),(4G,lot_206),(5G,lot_206),(4G,lot_211),(5G,lot_211),(4G,lot_214),(5G,lot_214),(4G,lot_219),(5G,lot_219),(4G,lot_222),(5G,lot_222),(4G,lot_238),(5G,lot_238),(4G,lot_241),(5G,lot_241),(4G,lot_244),(5G,lot_244),(4G,lot_248),(5G,lot_248),(4G,lot_251),(5G,lot_251),(4G,lot_255),(5G,lot_255),(4G,lot_274),(5G,lot_274),(4G,lot_277),(5G,lot_277),(4G,lot_280),(5G,lot_280),(4G,lot_284),(5G,lot_284),(4G,lot_305),(5G,lot_305),(4G,lot_308),(5G,lot_308),(4G,lot_311),(5G,lot_311),(4G,lot_314),(5G,lot_314),(4G,lot_317),(5G,lot_317),(4G,lot_340),(5G,lot_340),(4G,lot_344),(5G,lot_344),(4G,lot_348),(5G,lot_348),(4G,lot_351),(5G,lot_351),(4G,lot_376),(5G,lot_376),(4G,lot_379),(5G,lot_379),(4G,lot_411),(5G,lot_411)"
15,1,"(4G,lot_4),(5G,lot_4),(4G,lot_8),(5G,lot_8),(4G,lot_12),(5G,lot_12),(4G,lot_15),(5G,lot_15),(4G,lot_18),(5G,lot_18),(4G,lot_22),(5G,lot_22),(4G,lot_25),(5G,lot_25),(4G,lot_37),(5G,lot_37),(4G,lot_40),(5G,lot_40),(4G,lot_43),(5G,lot_43),(4G,lot_47),(5G,lot_47),(4G,lot_50),(5G,lot_50),(4G,lot_54),(5G,lot_54),(4G,lot_59),(5G,lot_59),(4G,lot_73),(5G,lot_73),(4G,lot_77),(5G,lot_77),(4G,lot_80),(5G,lot_80),(4G,lot_85),(5G,lot_85),(4G,lot_90),(5G,lot_90),(4G,lot_103),(5G,lot_103),(4G,lot_106),(5G,lot_106),(4G,lot_110),(5G,lot_110),(4G,lot_113),(5G,lot_113),(4G,lot_116),(5G,lot_116),(4G,lot_119),(5G,lot_119),(4G,lot_122),(5G,lot_122),(4G,lot_136),(5G,lot_136),(4G,lot_139),(5G,lot_139),(4G,lot_144),(5G,lot_144),(4G,lot_148),(5G,lot_148),(4G,lot_152),(5G,lot_152),(4G,lot_155),(5G,lot_155),(4G,lot_170),(5G,lot_170),(4G,lot_174),(5G,lot_174),(4G,lot_182),(5G,lot_182),(4G,lot_185),(5G,lot_185),(4G,lot_190),(5G,lot_190),(4G,lot_208),(5G,lot_208),(4G,lot_212),(5G,lot_212),(4G,lot_216),(5G,lot_216),(4G,lot_220),(5G,lot_220),(4G,lot_223),(5G,lot_223),(4G,lot_239),(5G,lot_239),(4G,lot_242),(5G,lot_242),(4G,lot_245),(5G,lot_245),(4G,lot_249),(5G,lot_249),(4G,lot_252),(5G,lot_252),(4G,lot_271),(5G,lot_271),(4G,lot_275),(5G,lot_275),(4G,lot_278),(5G,lot_278),(4G,lot_281),(5G,lot_281),(4G,lot_285),(5G,lot_285),(4G,lot_306),(5G,lot_306),(4G,lot_309),(5G,lot_309),(4G,lot_312),(5G,lot_312),(4G,lot_315),(5G,lot_315),(4G,lot_318),(5G,lot_318),(4G,lot_341),(5G,lot_341),(4G,lot_345),(5G,lot_345),(4G,lot_349),(5G,lot_349),(4G,lot_374),(5G,lot_374),(4G,lot_377),(5G,lot_377),(4G,lot_380),(5G,lot_380)"
15,2,"(4G,lot_5),(5G,lot_5),(4G,lot_9),(5G,lot_9),(4G,lot_13),(5G,lot_13),(4G,lot_16),(5G,lot_16),(4G,lot_19),(5G,lot_19),(4G,lot_23),(5G,lot_23),(4G,lot_26),(5G,lot_26),(4G,lot_38),(5G,lot_38),(4G,lot_41),(5G,lot_41),(4G,lot_45),(5G,lot_45),(4G,lot_48),(5G,lot_48),(4G,lot_51),(5G,lot_51),(4G,lot_56),(5G,lot_56),(4G,lot_70),(5G,lot_70),(4G,lot_74),(5G,lot_74),(4G,lot_78),(5G,lot_78),(4G,lot_82),(5G,lot_82),(4G,lot_87),(5G,lot_87),(4G,lot_91),(5G,lot_91),(4G,lot_104),(5G,lot_104),(4G,lot_107),(5G,lot_107),(4G,lot_111),(5G,lot_111),(4G,lot_114),(5G,lot_114),(4G,lot_117),(5G,lot_117),(4G,lot_120),(5G,lot_120),(4G,lot_123),(5G,lot_123),(4G,lot_137),(5G,lot_137),(4G,lot_141),(5G,lot_141),(4G,lot_146),(5G,lot_146),(4G,lot_149),(5G,lot_149),(4G,lot_153),(5G,lot_153),(4G,lot_157),(5G,lot_157),(4G,lot_172),(5G,lot_172),(4G,lot_175),(5G,lot_175),(4G,lot_183),(5G,lot_183),(4G,lot_187),(5G,lot_187),(4G,lot_203),(5G,lot_203),(4G,lot_210),(5G,lot_210),(4G,lot_213),(5G,lot_213),(4G,lot_217),(5G,lot_217),(4G,lot_221),(5G,lot_221),(4G,lot_237),(5G,lot_237),(4G,lot_240),(5G,lot_240),(4G,lot_243),(5G,lot_243),(4G,lot_246),(5G,lot_246),(4G,lot_250),(5G,lot_250),(4G,lot_253),(5G,lot_253),(4G,lot_273),(5G,lot_273),(4G,lot_276),(5G,lot_276),(4G,lot_279),(5G,lot_279),(4G,lot_282),(5G,lot_282),(4G,lot_287),(5G,lot_287),(4G,lot_307),(5G,lot_307),(4G,lot_310),(5G,lot_310),(4G,lot_313),(5G,lot_313),(4G,lot_316),(5G,lot_316),(4G,lot_319),(5G,lot_319),(4G,lot_343),(5G,lot_343),(4G,lot_347),(5G,lot_347),(4G,lot_350),(5G,lot_350),(4G,lot_375),(5G,lot_375),(4G,lot_378),(5G,lot_378),(4G,lot_381),(5G,lot_381)"
16,0,"(4G,lot_596),(5G,lot_596),(4G,lot_633),(5G,lot_633),(4G,lot_664),(5G,lot_664),(4G,lot_667),(5G,lot_667),(4G,lot_695),(5G,lot_695),(4G,lot_699),(5G,lot_699),(4G,lot_702),(5G,lot_702),(4G,lot_729),(5G,lot_729),(4G,lot_733),(5G,lot_733),(4G,lot_736),(5G,lot_736),(4G,lot_768),(5G,lot_768),(4G,lot_795),(5G,lot_795),(4G,lot_799),(5G,lot_799),(4G,lot_804),(5G,lot_804),(4G,lot_828),(5G,lot_828),(4G,lot_832),(5G,lot_832),(4G,lot_835),(5G,lot_835),(4G,lot_859),(5G,lot_859),(4G,lot_864),(5G,lot_864),(4G,lot_867),(5G,lot_867),(4G,lot_893),(5G,lot_893),(4G,lot_896),(5G,lot_896),(4G,lot_900),(5G,lot_900),(4G,lot_903),(5G,lot_903),(4G,lot_927),(5G,lot_927),(4G,lot_930),(5G,lot_930),(4G,lot_933),(5G,lot_933),(4G,lot_958),(5G,lot_958),(4G,lot_961),(5G,lot_961),(4G,lot_964),(5G,lot_964),(4G,lot_968),(5G,lot_968),(4G,lot_992),(5G,lot_992),(4G,lot_995),(5G,lot_995),(4G,lot_998),(5G,lot_998),(4G,lot_1001),(5G,lot_1001),(4G,lot_1004),(5G,lot_1004),(4G,lot_1027),(5G,lot_1027),(4G,lot_1031),(5G,lot_1031),(4G,lot_1035),(5G,lot_1035),(4G,lot_1058),(5G,lot_1058),(4G,lot_1062),(5G,lot_1062),(4G,lot_1065),(5G,lot_1065),(4G,lot_1068),(5G,lot_1068)"
16,1,"(4G,lot_628),(5G,lot_628),(4G,lot_661),(5G,lot_661),(4G,lot_665),(5G,lot_665),(4G,lot_668),(5G,lot_668),(4G,lot_697),(5G,lot_697),(4G,lot_700),(5G,lot_700),(4G,lot_727),(5G,lot_727),(4G,lot_730),(5G,lot_730),(4G,lot_734),(5G,lot_734),(4G,lot_762),(5G,lot_762),(4G,lot_793),(5G,lot_793),(4G,lot_796),(5G,lot_796),(4G,lot_800),(5G,lot_800),(4G,lot_826),(5G,lot_826),(4G,lot_829),(5G,lot_829),(4G,lot_833),(5G,lot_833),(4G,lot_836),(5G,lot_836),(4G,lot_861),(5G,lot_861),(4G,lot_865),(5G,lot_865),(4G,lot_868),(5G,lot_868),(4G,lot_894),(5G,lot_894),(4G,lot_897),(5G,lot_897),(4G,lot_901),(5G,lot_901),(4G,lot_925),(5G,lot_925),(4G,lot_928),(5G,lot_928),(4G,lot_931),(5G,lot_931),(4G,lot_934),(5G,lot_934),(4G,lot_959),(5G,lot_959),(4G,lot_962),(5G,lot_962),(4G,lot_966),(5G,lot_966),(4G,lot_970),(5G,lot_970),(4G,lot_993),(5G,lot_993),(4G,lot_996),(5G,lot_996),(4G,lot_999),(5G,lot_999),(4G,lot_1002),(5G,lot_1002),(4G,lot_1024),(5G,lot_1024),(4G,lot_1029),(5G,lot_1029),(4G,lot_1033),(5G,lot_1033),(4G,lot_1036),(5G,lot_1036),(4G,lot_1059),(5G,lot_1059),(4G,lot_1063),(5G,lot_1063),(4G,lot_1066),(5G,lot_1066),(4G,lot_1069),(5G,lot_1069)"
16,2,"(4G,lot_630),(5G,lot_630),(4G,lot_663),(5G,lot_663),(4G,lot_666),(5G,lot_666),(4G,lot_694),(5G,lot_694),(4G,lot_698),(5G,lot_698),(4G,lot_701),(5G,lot_701),(4G,lot_728),(5G,lot_728),(4G,lot_732),(5G,lot_732),(4G,lot_735),(5G,lot_735),(4G,lot_765),(5G,lot_765),(4G,lot_794),(5G,lot_794),(4G,lot_798),(5G,lot_798),(4G,lot_803),(5G,lot_803),(4G,lot_827),(5G,lot_827),(4G,lot_830),(5G,lot_830),(4G,lot_834),(5G,lot_834),(4G,lot_837),(5G,lot_837),(4G,lot_863),(5G,lot_863),(4G,lot_866),(5G,lot_866),(4G,lot_871),(5G,lot_871),(4G,lot_895),(5G,lot_895),(4G,lot_898),(5G,lot_898),(4G,lot_902),(5G,lot_902),(4G,lot_926),(5G,lot_926),(4G,lot_929),(5G,lot_929),(4G,lot_932),(5G,lot_932),(4G,lot_936),(5G,lot_936),(4G,lot_960),(5G,lot_960),(4G,lot_963),(5G,lot_963),(4G,lot_967),(5G,lot_967),(4G,lot_991),(5G,lot_991),(4G,lot_994),(5G,lot_994),(4G,lot_997),(5G,lot_997),(4G,lot_1000),(5G,lot_1000),(4G,lot_1003),(5G,lot_1003),(4G,lot_1026),(5G,lot_1026),(4G,lot_1030),(5G,lot_1030),(4G,lot_1034),(5G,lot_1034),(4G,lot_1057),(5G,lot_1057),(4G,lot_1061),(5G,lot_1061),(4G,lot_1064),(5G,lot_1064),(4G,lot_1067),(5G,lot_1067)"
17,0,"(4G,lot_12),(5G,lot_12),(4G,lot_17),(5G,lot_17),(4G,lot_23),(5G,lot_23),(4G,lot_26),(5G,lot_26),(4G,lot_30),(5G,lot_30),(4G,lot_44),(5G,lot_44),(4G,lot_48),(5G,lot_48),(4G,lot_53),(5G,lot_53),(4G,lot_56),(5G,lot_56),(4G,lot_61),(5G,lot_61),(4G,lot_64),(5G,lot_64),(4G,lot_78),(5G,lot_78),(4G,lot_82),(5G,lot_82),(4G,lot_85),(5G,lot_85),(4G,lot_89),(5G,lot_89),(4G,lot_92),(5G,lot_92),(4G,lot_97),(5G,lot_97),(4G,lot_110),(5G,lot_110),(4G,lot_113),(5G,lot_113),(4G,lot_116),(5G,lot_116),(4G,lot_119),(5G,lot_119),(4G,lot_125),(5G,lot_125),(4G,lot_128),(5G,lot_128),(4G,lot_131),(5G,lot_131),(4G,lot_146),(5G,lot_146),(4G,lot_150),(5G,lot_150),(4G,lot_158),(5G,lot_158),(4G,lot_161),(5G,lot_161),(4G,lot_165),(5G,lot_165),(4G,lot_178),(5G,lot_178),(4G,lot_181),(5G,lot_181),(4G,lot_185),(5G,lot_185),(4G,lot_188),(5G,lot_188),(4G,lot_192),(5G,lot_192),(4G,lot_197),(5G,lot_197),(4G,lot_211),(5G,lot_211),(4G,lot_214),(5G,lot_214),(4G,lot_218),(5G,lot_218),(4G,lot_222),(5G,lot_222),(4G,lot_225),(5G,lot_225),(4G,lot_228),(5G,lot_228),(4G,lot_246),(5G,lot_246),(4G,lot_251),(5G,lot_251),(4G,lot_255),(5G,lot_255),(4G,lot_258),(5G,lot_258),(4G,lot_261),(5G,lot_261),(4G,lot_277),(5G,lot_277),(4G,lot_280),(5G,lot_280),(4G,lot_284),(5G,lot_284),(4G,lot_287),(5G,lot_287),(4G,lot_290),(5G,lot_290),(4G,lot_293),(5G,lot_293),(4G,lot_311),(5G,lot_311),(4G,lot_314),(5G,lot_314),(4G,lot_319),(5G,lot_319),(4G,lot_323),(5G,lot_323),(4G,lot_345),(5G,lot_345),(4G,lot_349),(5G,lot_349),(4G,lot_352),(5G,lot_352),(4G,lot_355),(5G,lot_355),(4G,lot_359),(5G,lot_359),(4G,lot_382),(5G,lot_382),(4G,lot_385),(5G,lot_385),(4G,lot_389),(5G,lot_389),(4G,lot_414),(5G,lot_414),(4G,lot_418),(5G,lot_418),(4G,lot_451),(5G,lot_451)"
17,1,"(4G,lot_15),(5G,lot_15),(4G,lot_19),(5G,lot_19),(4G,lot_24),(5G,lot_24),(4G,lot_28),(5G,lot_28),(4G,lot_31),(5G,lot_31),(4G,lot_45),(5G,lot_45),(4G,lot_50),(5G,lot_50),(4G,lot_54),(5G,lot_54),(4G,lot_57),(5G,lot_57),(4G,lot_62),(5G,lot_62),(4G,lot_65),(5G,lot_65),(4G,lot_79),(5G,lot_79),(4G,lot_83),(5G,lot_83),(4G,lot_86),(5G,lot_86),(4G,lot_90),(5G,lot_90),(4G,lot_93),(5G,lot_93),(4G,lot_98),(5G,lot_98),(4G,lot_111),(5G,lot_111),(4G,lot_114),(5G,lot_114),(4G,lot_117),(5G,lot_117),(4G,lot_121),(5G,lot_121),(4G,lot_126),(5G,lot_126),(4G,lot_129),(5G,lot_129),(4G,lot_132),(5G,lot_132),(4G,lot_147),(5G,lot_147),(4G,lot_153),(5G,lot_153),(4G,lot_159),(5G,lot_159),(4G,lot_162),(5G,lot_162),(4G,lot_176),(5G,lot_176),(4G,lot_179),(5G,lot_179),(4G,lot_182),(5G,lot_182),(4G,lot_186),(5G,lot_186),(4G,lot_189),(5G,lot_189),(4G,lot_193),(5G,lot_193),(4G,lot_198),(5G,lot_198),(4G,lot_212),(5G,lot_212),(4G,lot_215),(5G,lot_215),(4G,lot_219),(5G,lot_219),(4G,lot_223),(5G,lot_223),(4G,lot_226),(5G,lot_226),(4G,lot_229),(5G,lot_229),(4G,lot_247),(5G,lot_247),(4G,lot_252),(5G,lot_252),(4G,lot_256),(5G,lot_256),(4G,lot_259),(5G,lot_259),(4G,lot_262),(5G,lot_262),(4G,lot_278),(5G,lot_278),(4G,lot_281),(5G,lot_281),(4G,lot_285),(5G,lot_285),(4G,lot_288),(5G,lot_288),(4G,lot_291),(5G,lot_291),(4G,lot_294),(5G,lot_294),(4G,lot_312),(5G,lot_312),(4G,lot_317),(5G,lot_317),(4G,lot_320),(5G,lot_320),(4G,lot_325),(5G,lot_325),(4G,lot_347),(5G,lot_347),(4G,lot_350),(5G,lot_350),(4G,lot_353),(5G,lot_353),(4G,lot_357),(5G,lot_357),(4G,lot_380),(5G,lot_380),(4G,lot_383),(5G,lot_383),(4G,lot_386),(5G,lot_386),(4G,lot_390),(5G,lot_390),(4G,lot_416),(5G,lot_416),(4G,lot_421),(5G,lot_421)"
17,2,"(4G,lot_16),(5G,lot_16),(4G,lot_21),(5G,lot_21),(4G,lot_25),(5G,lot_25),(4G,lot_29),(5G,lot_29),(4G,lot_32),(5G,lot_32),(4G,lot_46),(5G,lot_46),(4G,lot_51),(5G,lot_51),(4G,lot_55),(5G,lot_55),(4G,lot_60),(5G,lot_60),(4G,lot_63),(5G,lot_63),(4G,lot_66),(5G,lot_66),(4G,lot_81),(5G,lot_81),(4G,lot_84),(5G,lot_84),(4G,lot_88),(5G,lot_88),(4G,lot_91),(5G,lot_91),(4G,lot_96),(5G,lot_96),(4G,lot_99),(5G,lot_99),(4G,lot_112),(5G,lot_112),(4G,lot_115),(5G,lot_115),(4G,lot_118),(5G,lot_118),(4G,lot_124),(5G,lot_124),(4G,lot_127),(5G,lot_127),(4G,lot_130),(5G,lot_130),(4G,lot_143),(5G,lot_143),(4G,lot_149),(5G,lot_149),(4G,lot_155),(5G,lot_155),(4G,lot_160),(5G,lot_160),(4G,lot_163),(5G,lot_163),(4G,lot_177),(5G,lot_177),(4G,lot_180),(5G,lot_180),(4G,lot_184),(5G,lot_184),(4G,lot_187),(5G,lot_187),(4G,lot_190),(5G,lot_190),(4G,lot_195),(5G,lot_195),(4G,lot_210),(5G,lot_210),(4G,lot_213),(5G,lot_213),(4G,lot_216),(5G,lot_216),(4G,lot_220),(5G,lot_220),(4G,lot_224),(5G,lot_224),(4G,lot_227),(5G,lot_227),(4G,lot_244),(5G,lot_244),(4G,lot_248),(5G,lot_248),(4G,lot_253),(5G,lot_253),(4G,lot_257),(5G,lot_257),(4G,lot_260),(5G,lot_260),(4G,lot_263),(5G,lot_263),(4G,lot_279),(5G,lot_279),(4G,lot_283),(5G,lot_283),(4G,lot_286),(5G,lot_286),(4G,lot_289),(5G,lot_289),(4G,lot_292),(5G,lot_292),(4G,lot_295),(5G,lot_295),(4G,lot_313),(5G,lot_313),(4G,lot_318),(5G,lot_318),(4G,lot_322),(5G,lot_322),(4G,lot_327),(5G,lot_327),(4G,lot_348),(5G,lot_348),(4G,lot_351),(5G,lot_351),(4G,lot_354),(5G,lot_354),(4G,lot_358),(5G,lot_358),(4G,lot_381),(5G,lot_381),(4G,lot_384),(5G,lot_384),(4G,lot_387),(5G,lot_387),(4G,lot_391),(5G,lot_391),(4G,lot_417),(5G,lot_417),(4G,lot_422),(5G,lot_422)"
